TF,Target,Regulation
CRP,aaeA,+
CRP,aaeB,+
CRP,aaeR,-
CRP,aaeX,+
FadR,accA,+
FadR,AccB,+
AccB,accC,-
FadR,accC,+
FadR,accD,+
ArcA,aceA,-
Cra,aceA,+
CRP,aceA,-
IclR,aceA,-
IHF,aceA,+
ArcA,aceB,-
Cra,aceB,+
CRP,aceB,-
IclR,aceB,-
IHF,aceB,+
ArcA,aceE,-
Cra,aceE,-
CRP,aceE,+
FNR,aceE,-
NsrR,aceE,-
PdhR,aceE,-
ArcA,aceF,-
Cra,aceF,-
CRP,aceF,+
FNR,aceF,-
NsrR,aceF,-
PdhR,aceF,-
ArcA,aceK,-
Cra,aceK,+
CRP,aceK,-
IclR,aceK,-
IHF,aceK,+
ArcA,ackA,+
FNR,ackA,+
ArcA,acnA,-
Cra,acnA,+
CRP,acnA,+
FNR,acnA,-
MarA,acnA,+
Rob,acnA,+
SoxS,acnA,+
ArcA,acnB,-
Cra,acnB,-
CRP,acnB,+
Fis,acnB,-
AcrR,acrA,-
EnvR,acrA,-
MarA,acrA,+
MprA,acrA,-
PhoP,acrA,-
Rob,acrA,+
SoxS,acrA,+
AcrR,acrB,-
EnvR,acrB,-
MarA,acrB,+
MprA,acrB,-
PhoP,acrB,-
Rob,acrB,+
SoxS,acrB,+
BaeR,acrD,+
CpxR,acrD,+
EvgA,acrD,+
FNR,acrE,+
H-NS,acrE,-
FNR,acrF,+
H-NS,acrF,-
MarA,acrZ,+
Rob,acrZ,+
SoxS,acrZ,+
CRP,acs,+
Fis,acs,-
IHF,acs,-
CRP,actP,+
Fis,actP,-
IHF,actP,-
RbsR,add,+
H-NS,adeD,-
Cra,adhE,-
Fis,adhE,+
FNR,adhE,+
Lrp,adhE,-
NarL,adhE,-
AdiY,adiA,+
H-NS,adiA,-
IHF,adiA,+
GadE-RcsB,adiC,+
PhoB,adiC,+
H-NS,AdiY,-
CRP,aer,+
FliA,aer,+
FNR,aer,+
AgaR,agaA,-
CRP,agaA,+
AgaR,agaB,-
AgaR,agaC,-
AgaR,agaD,-
AgaR,agaI,-
AgaR,agaS,-
AgaR,agaV,-
CRP,agaV,+
AgaR,agaW,-
CRP,agaW,+
CRP,agp,+
MetJ,ahpC,-
OxyR,ahpC,+
MetJ,ahpF,-
OxyR,ahpF,+
Ada,AidB,+
Lrp,AidB,-
Lrp,alaA,-
SgrR,alaC,+
Fis,alaT,+
Lrp,alaT,-
Fis,alaU,+
H-NS,alaU,-
Lrp,alaU,-
Fis,alaV,+
H-NS,alaV,-
Lrp,alaV,-
Fis,alaW,+
Fis,alaX,+
ArcA,aldA,-
CRP,aldA,+
DnaA,aldA,-
FNR,aldA,-
CRP,aldB,+
Fis,aldB,-
Ada,alkA,+
Ada,alkB,+
Ada,alkB,-
AllR,allA,-
AllR,allB,-
AllS,allC,+
AllS,allD,+
AllS,allE,+
AllR,AllS,-
AlsR,alsA,-
AlsR,alsB,-
AlsR,alsC,-
AlsR,alsE,-
IHF,amiA,-
PhoB,amn,+
CRP,ampD,-
CRP,ampE,-
GadX,amtB,+
NtrC,amtB,+
CRP,ansB,+
Fis,ansB,-
FNR,ansB,+
Fis,apaG,+
Fis,apaH,+
AppY,appA,+
ArcA,appA,+
YdeO,appA,+
AppY,appB,+
ArcA,appB,+
YdeO,appB,+
AppY,appC,+
ArcA,appC,+
YdeO,appC,+
AppY,appX,+
ArcA,appX,+
YdeO,appX,+
DpiA,AppY,-
H-NS,AppY,-
AraC,araA,+
AraC,araA,-
CRP,araA,+
AraC,araB,-
AraC,araB,+
CRP,araB,+
CRP,AraC,+
AraC,araD,-
AraC,araD,+
CRP,araD,+
AraC,araE,+
CRP,araE,+
AraC,araF,+
CRP,araF,+
AraC,araG,+
CRP,araG,+
AraC,araH,+
CRP,araH,+
AraC,araJ,+
CRP,araJ,+
CRP,araJ,-
FNR,ArcA,-
FNR,ArcA,+
ArcA,arcZ,-
CRP,arfB,-
ArgR,argA,-
ArgR,argB,-
ArgR,argC,-
ArgR,argD,-
PhoP,argD,-
ArgR,argE,-
ArgR,argF,-
ArgR,argG,-
CRP,argG,+
ArgR,argH,-
ArgR,argI,-
ArgP,argO,+
Lrp,argO,+
NtrC,argT,+
Fis,argU,+
Fis,argW,+
Fis,argX,+
BluR,ariR,-
CRP,aroA,-
Lrp,aroA,+
TyrR,aroF,-
CpxR,aroG,+
TyrR,aroG,-
TrpR,aroH,-
TrpR,aroL,-
TyrR,aroL,-
TrpR,aroM,-
TyrR,aroM,-
Cra,aroP,+
TyrR,aroP,-
ArsR,arsB,-
ArsR,arsC,-
ArgR,artI,-
ArgR,artJ,-
ArgR,artM,-
ArgR,artP,-
ArgR,artQ,-
AscG,ascB,-
CRP,ascB,+
AscG,ascF,-
CRP,ascF,+
GadE-RcsB,aslB,+
Rob,aslB,+
AsnC,asnA,+
GadX,asnB,+
Nac,AsnC,-
CRP,aspA,+
FNR,aspA,+
NarL,aspA,-
Fur,aspC,-
Fis,aspV,+
H-NS,asr,-
PhoB,asr,+
RcdA,asr,+
RstA,asr,+
ArgR,astA,+
NtrC,astA,+
ArgR,astB,+
NtrC,astB,+
ArgR,astC,+
NtrC,astC,+
ArgR,astD,+
NtrC,astD,+
ArgR,astE,+
NtrC,astE,+
AtoC,atoA,+
IHF,atoA,+
AtoC,atoB,+
IHF,atoB,+
AtoC,atoD,+
IHF,atoD,+
AtoC,atoE,+
IHF,atoE,+
Lrp,avtA,-
CRP,azuC,-
CpxR,bacA,+
CpxR,BaeR,+
BaeR,baeS,+
CpxR,baeS,+
CpxR,bamE,-
NsrR,bamE,-
FNR,bcsB,+
FNR,bcsZ,+
NsrR,bdcA,-
RcsB,bdm,+
ArcA,betA,-
BetI,betA,-
Cra,betA,+
ArcA,betB,-
BetI,betB,-
Cra,betB,+
ArcA,BetI,-
Cra,BetI,+
ArcA,betT,-
BetI,betT,-
Cra,betT,+
CRP,bglB,+
Fis,bglB,-
H-NS,bglB,-
LeuO,bglB,+
RcsB-BglJ,bglB,+
StpA,bglB,-
CRP,bglF,+
Fis,bglF,-
H-NS,bglF,-
LeuO,bglF,+
RcsB-BglJ,bglF,+
StpA,bglF,-
CRP,bglG,+
Fis,bglG,-
H-NS,bglG,-
LeuO,bglG,+
RcsB-BglJ,bglG,+
StpA,bglG,-
H-NS,bglJ,-
LeuO,bglJ,+
ComR,bhsA,-
CRP,bhsA,-
BirA,bioA,-
BirA,bioB,-
BirA,bioC,-
BirA,bioD,-
BirA,bioF,-
RcdA,bluF,+
H-NS,bolA,-
OmpR,bolA,-
PhoP,borD,+
GadX,btuB,-
ArcA,cadA,-
CadC,cadA,+
GadE-RcsB,cadA,+
GadX,cadA,+
H-NS,cadA,-
Lrp,cadA,+
ArcA,cadB,-
CadC,cadB,+
GadE-RcsB,cadB,+
GadX,cadB,+
H-NS,cadB,-
Lrp,cadB,+
FNR,CadC,+
H-NS,CadC,-
LeuO,CadC,-
MlrA,CadC,+
ArcA,caiA,+
CaiF,caiA,+
CRP,caiA,+
FNR,caiA,+
H-NS,caiA,-
ArcA,caiB,+
CaiF,caiB,+
CRP,caiB,+
FNR,caiB,+
H-NS,caiB,-
ArcA,caiC,+
CaiF,caiC,+
CRP,caiC,+
FNR,caiC,+
H-NS,caiC,-
ArcA,caiD,+
CaiF,caiD,+
CRP,caiD,+
FNR,caiD,+
H-NS,caiD,-
ArcA,caiE,+
CaiF,caiE,+
CRP,caiE,+
FNR,caiE,+
H-NS,caiE,-
CRP,CaiF,+
FNR,CaiF,+
H-NS,CaiF,-
NarL,CaiF,-
ArcA,caiT,+
CaiF,caiT,+
CRP,caiT,+
FNR,caiT,+
H-NS,caiT,-
ArgR,carA,-
Fis,carA,+
PepA,carA,-
PurR,carA,-
RutR,carA,+
ArgR,carB,-
Fis,carB,+
PepA,carB,-
PurR,carB,-
RutR,carB,+
CRP,cas1,-
H-NS,cas1,-
LeuO,cas1,+
CRP,cas2,-
H-NS,cas2,-
LeuO,cas2,+
CRP,casA,-
H-NS,casA,-
LeuO,casA,+
CRP,casB,-
H-NS,casB,-
LeuO,casB,+
CRP,casC,-
H-NS,casC,-
LeuO,casC,+
CRP,casD,-
H-NS,casD,-
LeuO,casD,+
CRP,casE,-
H-NS,casE,-
LeuO,casE,+
CysB,Cbl,+
NtrC,Cbl,+
Fis,cbpA,-
Fis,cbpM,-
FlhDC,ccmA,+
FNR,ccmA,+
ModE,ccmA,+
NarL,ccmA,-
NarP,ccmA,+
NarP,ccmA,-
FlhDC,ccmB,+
FNR,ccmB,+
ModE,ccmB,+
NarL,ccmB,-
NarP,ccmB,+
NarP,ccmB,-
FlhDC,ccmC,+
FNR,ccmC,+
ModE,ccmC,+
NarL,ccmC,-
NarP,ccmC,-
NarP,ccmC,+
FlhDC,ccmD,+
FNR,ccmD,+
ModE,ccmD,+
NarL,ccmD,-
NarP,ccmD,-
NarP,ccmD,+
FlhDC,ccmE,+
FNR,ccmE,+
ModE,ccmE,+
NarL,ccmE,-
NarP,ccmE,+
NarP,ccmE,-
FlhDC,ccmF,+
FNR,ccmF,+
ModE,ccmF,+
NarL,ccmF,-
NarP,ccmF,-
NarP,ccmF,+
FlhDC,ccmG,+
FNR,ccmG,+
ModE,ccmG,+
NarL,ccmG,-
NarP,ccmG,+
NarP,ccmG,-
FlhDC,ccmH,+
FNR,ccmH,+
ModE,ccmH,+
NarL,ccmH,-
NarP,ccmH,-
NarP,ccmH,+
CRP,cdd,+
CRP,cdd,-
CytR,cdd,-
NsrR,cdd,-
ChbR,chbA,+
ChbR,chbA,-
CRP,chbA,+
NagC,chbA,-
ChbR,chbB,-
ChbR,chbB,+
CRP,chbB,+
NagC,chbB,-
ChbR,chbC,+
ChbR,chbC,-
CRP,chbC,+
NagC,chbC,-
ChbR,chbF,+
ChbR,chbF,-
CRP,chbF,+
NagC,chbF,-
ChbR,chbG,+
ChbR,chbG,-
CRP,chbG,+
NagC,chbG,-
CRP,ChbR,+
NagC,ChbR,-
CpxR,cheA,-
FliA,cheA,+
FliA,cheB,+
FNR,cheB,+
FliA,cheR,+
FNR,cheR,+
CpxR,cheW,-
FliA,cheW,+
FliA,cheY,+
FNR,cheY,+
FliA,cheZ,+
FNR,cheZ,+
H-NS,chiA,-
CRP,chiP,+
NagC,chiP,-
LexA,cho,-
CRP,cirA,+
Fur,cirA,-
ArcA,citC,-
CRP,citC,-
DpiA,citC,+
FNR,citC,-
NarL,citC,-
ArcA,citD,-
CRP,citD,-
DpiA,citD,+
FNR,citD,-
NarL,citD,-
ArcA,citE,-
CRP,citE,-
DpiA,citE,+
FNR,citE,-
NarL,citE,-
ArcA,citF,-
CRP,citF,-
DpiA,citF,+
FNR,citF,-
NarL,citF,-
ArcA,citG,-
CRP,citG,-
DpiA,citG,+
FNR,citG,-
NarL,citG,-
ArcA,citX,-
CRP,citX,-
DpiA,citX,+
FNR,citX,-
NarL,citX,-
Nac,codA,+
PurR,codA,-
Nac,codB,+
PurR,codB,-
CRP,ComR,-
CueR,copA,+
CRP,cpdB,+
CpxR,cpxA,+
CpxR,cpxP,+
PhoB,Cra,-
NagC,creA,-
NagC,CreB,-
NagC,creC,-
CreB,creD,+
NagC,creD,-
FliA,crfC,+
Fur,crl,-
Cra,CRP,+
Fis,CRP,-
Cra,crr,+
Cra,crr,-
CRP,crr,-
CRP,crr,+
Mlc,crr,-
NagC,crr,-
CpxR,csgA,-
CsgD,csgA,+
FliZ,csgA,-
CpxR,csgB,-
CsgD,csgB,+
FliZ,csgB,-
CpxR,csgC,-
CsgD,csgC,+
FliZ,csgC,-
BasR,CsgD,+
CpxR,CsgD,-
Cra,CsgD,+
CRP,CsgD,+
FliZ,CsgD,-
IHF,CsgD,+
MlrA,CsgD,+
OmpR,CsgD,+
RcdA,CsgD,+
RcsAB,CsgD,-
RstA,CsgD,-
BasR,csgE,+
CpxR,csgE,-
Cra,csgE,+
CRP,csgE,+
CsgD,csgE,+
FliZ,csgE,-
IHF,csgE,+
MlrA,csgE,+
OmpR,csgE,+
RcdA,csgE,+
RcsAB,csgE,-
RstA,csgE,-
BasR,csgF,+
CpxR,csgF,-
Cra,csgF,+
CRP,csgF,+
CsgD,csgF,+
FliZ,csgF,-
IHF,csgF,+
MlrA,csgF,+
OmpR,csgF,+
RcdA,csgF,+
RcsAB,csgF,-
RstA,csgF,-
BasR,csgG,+
CpxR,csgG,-
Cra,csgG,+
CRP,csgG,+
CsgD,csgG,+
FliZ,csgG,-
IHF,csgG,+
MlrA,csgG,+
OmpR,csgG,+
RcdA,csgG,+
RcsAB,csgG,-
RstA,csgG,-
CRP,csiD,+
CsiR,csiD,-
H-NS,csiD,+
Lrp,csiD,+
CRP,csiE,+
H-NS,csiE,+
CRP,cspD,+
H-NS,cspD,+
MqsA,cspD,-
CRP,cspE,+
DinJ-YafQ,cspE,-
BasR,cspI,+
Fis,cspI,-
CRP,cstA,+
CueR,cueO,+
CusR,cusA,+
PhoB,cusA,+
YedW,cusA,+
CusR,cusB,+
PhoB,cusB,+
YedW,cusB,+
CusR,cusC,+
PhoB,cusC,+
YedW,cusC,+
CusR,cusF,+
PhoB,cusF,+
YedW,cusF,+
PhoB,CusR,+
YedW,CusR,+
CusR,cusS,+
PhoB,cusS,+
YedW,cusS,+
PurR,cvpA,-
CRP,cyaA,-
CpxR,cyaR,-
CRP,cyaR,+
ArcA,cydA,+
Cra,cydA,+
FNR,cydA,+
FNR,cydA,-
H-NS,cydA,-
HypT,cydA,+
ArcA,cydB,+
Cra,cydB,+
FNR,cydB,+
FNR,cydB,-
H-NS,cydB,-
HypT,cydB,+
ArcA,cydC,+
FNR,cydC,+
NarL,cydC,+
ArcA,cydD,+
FNR,cydD,+
NarL,cydD,+
CynR,cynS,+
CynR,cynT,+
CynR,cynX,+
ArcA,cyoA,-
Cra,cyoA,-
CRP,cyoA,+
CusR,cyoA,+
FNR,cyoA,-
Fur,cyoA,-
GadE,cyoA,+
PdhR,cyoA,-
YedW,cyoA,-
ArcA,cyoB,-
Cra,cyoB,-
CRP,cyoB,+
CusR,cyoB,+
FNR,cyoB,-
Fur,cyoB,-
GadE,cyoB,+
PdhR,cyoB,-
YedW,cyoB,-
ArcA,cyoC,-
Cra,cyoC,-
CRP,cyoC,+
CusR,cyoC,+
FNR,cyoC,-
Fur,cyoC,-
GadE,cyoC,+
PdhR,cyoC,-
YedW,cyoC,-
ArcA,cyoD,-
Cra,cyoD,-
CRP,cyoD,+
CusR,cyoD,+
FNR,cyoD,-
Fur,cyoD,-
GadE,cyoD,+
PdhR,cyoD,-
YedW,cyoD,-
ArcA,cyoE,-
Cra,cyoE,-
CRP,cyoE,+
CusR,cyoE,+
FNR,cyoE,-
Fur,cyoE,-
GadE,cyoE,+
PdhR,cyoE,-
YedW,cyoE,-
CysB,cysA,+
H-NS,cysA,-
PhoP,CysB,+
CysB,cysC,+
CysB,cysD,+
SutR,cysE,-
Cra,cysG,-
CRP,cysG,-
Fis,cysG,-
FNR,cysG,+
H-NS,cysG,-
IHF,cysG,-
IHF,cysG,+
NarL,cysG,+
NarP,cysG,+
CysB,cysH,+
HypT,cysH,+
IHF,cysH,+
CysB,cysI,+
IHF,cysI,+
CysB,cysJ,+
IHF,cysJ,+
CysB,cysK,+
CysB,cysM,+
H-NS,cysM,-
CysB,cysN,+
CysB,cysP,+
H-NS,cysP,-
CysB,cysU,+
H-NS,cysU,-
CysB,cysW,+
H-NS,cysW,-
CRP,dadA,+
Lrp,dadA,-
CRP,dadX,+
Lrp,dadX,-
ArgP,dapB,+
ArgP,dapD,+
ArcA,dctA,-
CRP,dctA,+
DcuR,dctA,+
GadE-RcsB,dctR,+
GadW,dctR,-
GadX,dctR,+
H-NS,dctR,-
MarA,dctR,-
YdeO,dctR,+
CRP,dcuA,+
FNR,dcuA,+
NarL,dcuA,-
CRP,dcuB,+
DcuR,dcuB,+
FNR,dcuB,+
NarL,dcuB,-
ArcA,dcuC,+
FNR,dcuC,+
IHF,dcuD,+
PhoP,dcuD,-
CRP,DcuR,+
FNR,DcuR,+
NarL,DcuR,-
FNR,dcuS,+
NarL,dcuS,-
LexA,ddlB,-
MraZ,ddlB,-
PdhR,ddlB,-
NtrC,ddpA,+
NtrC,ddpB,+
NtrC,ddpC,+
NtrC,ddpD,+
NtrC,ddpF,+
NtrC,ddpX,+
CpxR,degP,+
H-NS,degP,-
CRP,deoA,+
CytR,deoA,-
DeoR,deoA,-
Fis,deoA,+
ModE,deoA,-
CRP,deoB,+
CytR,deoB,-
DeoR,deoB,-
Fis,deoB,+
ModE,deoB,-
CRP,deoC,+
CytR,deoC,-
DeoR,deoC,-
Fis,deoC,+
ModE,deoC,-
CRP,deoD,+
CytR,deoD,-
DeoR,deoD,-
Fis,deoD,+
ModE,deoD,-
CsgD,dgcC,+
YjjQ,dgcN,-
CpxR,dgcZ,+
CysB,dgcZ,+
BasR,dgkA,+
DhaR,dhaK,+
DhaR,dhaL,+
DhaR,dhaM,+
DicA,dicB,-
DicA,dicC,-
LexA,dinB,-
LexA,dinD,-
LexA,dinF,-
LexA,dinG,-
LexA,dinI,-
NagC,dinI,-
DinJ-YafQ,dinJ,-
LexA,dinJ,-
LexA,dinQ,-
YqhC,dkgA,+
NsrR,dkgB,-
CRP,dksA,+
Fis,dmsA,-
FNR,dmsA,+
IHF,dmsA,-
ModE,dmsA,-
NarL,dmsA,-
Fis,dmsB,-
FNR,dmsB,+
IHF,dmsB,-
ModE,dmsB,-
NarL,dmsB,-
Fis,dmsC,-
FNR,dmsC,+
IHF,dmsC,-
ModE,dmsC,-
NarL,dmsC,-
FNR,dmsD,+
NarL,dmsD,-
ArgP,DnaA,+
LexA,dnaG,-
ArgP,dnaN,+
DnaA,dnaN,-
ArcA,DpiA,+
CRP,DpiA,-
DcuR,DpiA,+
FNR,DpiA,-
NarL,DpiA,-
ArcA,dpiB,+
CRP,dpiB,-
DcuR,dpiB,+
DpiA,dpiB,+
FNR,dpiB,-
NarL,dpiB,-
FNR,dppA,-
IHF,dppA,+
FNR,dppB,-
IHF,dppB,+
FNR,dppC,-
IHF,dppC,+
FNR,dppD,-
IHF,dppD,+
FNR,dppF,-
IHF,dppF,+
Fis,dps,-
H-NS,dps,-
IHF,dps,+
MntR,dps,-
OxyR,dps,+
CpxR,dsbA,+
CpxR,dsbC,+
OxyR,dsbG,+
CRP,dsdA,+
DsdC,dsdA,+
NsrR,DsdC,-
CRP,dsdX,+
DsdC,dsdX,+
LeuO,dsrA,-
OmpR,dtpA,+
CRP,dusB,+
Fis,dusB,-
IHF,dusB,+
CRP,ebgA,+
EbgR,ebgA,-
CRP,ebgC,+
EbgR,ebgC,-
OmpR,ecnB,-
MatA,ecpA,+
MatA,ecpR,+
Cra,eda,-
GntR,eda,-
KdgR,eda,-
PhoB,eda,-
Cra,edd,-
GntR,edd,-
KdgR,edd,-
CpxR,efeU_1,-
CpxR,efeU_2,-
MprA,emrA,-
MprA,emrB,-
EvgA,emrK,+
FNR,emrK,+
EvgA,emrY,+
FNR,emrY,+
Cra,eno,-
CRP,entA,+
Fur,entA,-
CRP,entB,+
Fur,entB,-
CRP,entC,+
Fur,entC,-
CRP,entD,+
Fur,entD,-
CRP,entE,+
Fur,entE,-
FNR,entF,+
Fur,entF,-
H-NS,entF,+
CRP,entH,+
Fur,entH,-
Cra,envC,-
CRP,envZ,+
CRP,envZ,-
IHF,envZ,-
Cra,epd,-
CRP,epd,+
IscR,erpA,-
H-NS,EvgA,-
EvgA,evgS,+
H-NS,evgS,-
Fur,exbB,-
Fur,exbD,-
CRP,exuT,+
DpiA,exuT,+
ExuR,exuT,-
FabR,fabA,-
FadR,fabA,+
FabR,fabB,-
FadR,fabB,+
FadR,fabD,+
FadR,fabG,+
FadR,fabH,+
FadR,fabI,+
CpxR,fabZ,+
GadE,fabZ,+
ArcA,fadA,-
FadR,fadA,-
Fis,fadA,+
ArcA,fadB,-
FadR,fadB,-
Fis,fadB,+
ArcA,fadD,-
CRP,fadD,+
FadR,fadD,-
ArcA,fadE,-
FadR,fadE,-
ArcA,fadH,-
CRP,fadH,+
FadR,fadH,-
HipB,fadH,-
ArcA,fadI,-
FadR,fadI,-
ArcA,fadJ,-
FadR,fadJ,-
ArcA,fadL,-
CRP,fadL,+
FadR,fadL,-
OmpR,fadL,-
PhoP,fadL,+
FadR,fadM,-
Fis,fau,+
Fis,fau,-
H-NS,fau,-
Lrp,fau,-
StpA,fau,-
Cra,fbaA,-
CRP,fbaA,+
Cra,fbaB,-
FhlA,fdhF,+
FNR,fdhF,+
NarL,fdhF,-
NarP,fdhF,+
FNR,fdnG,+
NarL,fdnG,+
NarP,fdnG,-
FNR,fdnH,+
NarL,fdnH,+
NarP,fdnH,-
FNR,fdnI,+
NarL,fdnI,+
NarP,fdnI,-
CRP,feaB,+
FeaR,feaB,+
NsrR,feaB,-
CRP,FeaR,+
Nac,FeaR,+
NsrR,FeaR,-
PhoB,FeaR,-
CRP,fecA,+
Fur,fecA,-
HypT,fecA,-
PdhR,fecA,+
CRP,fecB,+
Fur,fecB,-
HypT,fecB,-
PdhR,fecB,+
CRP,fecC,+
Fur,fecC,-
HypT,fecC,-
PdhR,fecC,+
CRP,fecD,+
Fur,fecD,-
HypT,fecD,-
PdhR,fecD,+
CRP,fecE,+
Fur,fecE,-
HypT,fecE,-
PdhR,fecE,+
Fur,fecI,-
Fur,fecR,-
FNR,feoA,+
Fur,feoA,-
FNR,feoB,+
Fur,feoB,-
FNR,feoC,+
Fur,feoC,-
CRP,fepA,+
Fur,fepA,-
Fur,fepB,-
RutR,fepB,-
Fur,fepC,-
Fur,fepD,-
FNR,fepE,+
Fur,fepE,-
H-NS,fepE,+
Fur,fepG,-
FNR,fes,+
Fur,fes,-
H-NS,fes,+
FNR,FhlA,+
IHF,FhlA,+
NsrR,FhlA,-
Fur,fhuA,-
Fur,fhuB,-
Fur,fhuC,-
Fur,fhuD,-
Fur,fhuE,-
Fur,fhuF,-
OxyR,fhuF,-
H-NS,fimA,+
IHF,fimA,+
Lrp,fimA,+
BasR,fimB,+
H-NS,fimB,-
IHF,fimB,+
NagC,fimB,+
NanR,fimB,+
H-NS,fimC,+
IHF,fimC,+
Lrp,fimC,+
H-NS,fimD,+
IHF,fimD,+
Lrp,fimD,+
H-NS,fimE,-
LrhA,fimE,+
Lrp,fimE,+
H-NS,fimF,+
IHF,fimF,+
Lrp,fimF,+
H-NS,fimG,+
IHF,fimG,+
Lrp,fimG,+
H-NS,fimH,+
IHF,fimH,+
Lrp,fimH,+
H-NS,fimI,+
IHF,fimI,+
Lrp,fimI,+
CRP,Fis,+
IHF,Fis,+
CRP,fiu,+
Fur,fiu,-
CaiF,fixA,+
CRP,fixA,+
FNR,fixA,+
CaiF,fixB,+
CRP,fixB,+
FNR,fixB,+
CaiF,fixC,+
CRP,fixC,+
FNR,fixC,+
CaiF,fixX,+
CRP,fixX,+
FNR,fixX,+
SoxS,fldA,+
SoxS,fldB,+
FlhDC,flgA,+
FlhDC,flgB,+
FlhDC,flgC,+
FlhDC,flgD,+
FlhDC,flgE,+
FlhDC,flgF,+
FlhDC,flgG,+
FlhDC,flgH,+
FlhDC,flgI,+
FlhDC,flgJ,+
FliA,flgK,+
FliA,flgL,+
CsgD,flgM,-
FlhDC,flgM,+
FliA,flgM,+
CsgD,flgN,-
FlhDC,flgN,+
FliA,flgN,+
FlhDC,flhA,+
FlhDC,flhB,+
CRP,flhC,+
FliZ,flhC,-
Fur,flhC,-
HdfR,flhC,-
H-NS,flhC,+
IHF,flhC,-
LrhA,flhC,-
MatA,flhC,-
OmpR,flhC,-
QseB,flhC,+
RcsAB,flhC,-
YjjQ,flhC,-
CRP,flhD,+
FliZ,flhD,-
Fur,flhD,-
HdfR,flhD,-
H-NS,flhD,+
IHF,flhD,-
LrhA,flhD,-
MatA,flhD,-
OmpR,flhD,-
QseB,flhD,+
RcsAB,flhD,-
YjjQ,flhD,-
FlhDC,flhE,+
CsgD,FliA,-
FlhDC,FliA,+
H-NS,FliA,+
MatA,FliA,-
NsrR,FliA,-
SutR,FliA,-
FliA,fliC,+
GadE,fliC,+
H-NS,fliC,+
MatA,fliC,-
FlhDC,fliD,+
FliA,fliD,+
CsgD,fliE,-
FlhDC,fliE,+
FliA,fliE,+
CsgD,fliF,-
FlhDC,fliF,+
FliA,fliF,+
CsgD,fliG,-
FlhDC,fliG,+
FliA,fliG,+
CsgD,fliH,-
FlhDC,fliH,+
FliA,fliH,+
CsgD,fliI,-
FlhDC,fliI,+
FliA,fliI,+
CsgD,fliJ,-
FlhDC,fliJ,+
FliA,fliJ,+
CsgD,fliK,-
FlhDC,fliK,+
FliA,fliK,+
FlhDC,fliL,+
FliA,fliL,+
FlhDC,fliM,+
FliA,fliM,+
FlhDC,fliN,+
FliA,fliN,+
FlhDC,fliO,+
FliA,fliO,+
FlhDC,fliP,+
FliA,fliP,+
FlhDC,fliQ,+
FliA,fliQ,+
FlhDC,fliR,+
FliA,fliR,+
FlhDC,fliS,+
FliA,fliS,+
FlhDC,fliT,+
FliA,fliT,+
CsgD,FliZ,-
FlhDC,FliZ,+
FliA,FliZ,+
H-NS,FliZ,+
MatA,FliZ,-
NsrR,FliZ,-
SutR,FliZ,-
OxyR,flu,-
Fis,flxA,+
FliA,flxA,+
ArcA,FNR,-
Fur,FNR,-
IHF,FNR,+
FNR,fnrS,+
ArcA,focA,+
CRP,focA,+
FNR,focA,+
IHF,focA,+
NarL,focA,-
CRP,focB,+
FhlA,focB,+
FNR,focB,-
HyfR,focB,+
IHF,folA,+
TyrR,folA,+
MetJ,folE,-
MarA,fpr,+
SoxS,fpr,+
EvgA,frc,+
DcuR,frdA,+
FNR,frdA,+
NarL,frdA,-
DcuR,frdB,+
FNR,frdB,+
NarL,frdB,-
DcuR,frdC,+
FNR,frdC,+
NarL,frdC,-
DcuR,frdD,+
FNR,frdD,+
NarL,frdD,-
Cra,fruA,-
Cra,fruB,-
Cra,fruK,-
Fur,ftnA,+
H-NS,ftnA,-
CpxR,ftnB,+
LexA,ftsA,-
MraZ,ftsA,-
PdhR,ftsA,-
RcsB,ftsA,+
SdiA,ftsA,-
LexA,ftsI,-
MraZ,ftsI,-
PdhR,ftsI,-
LexA,ftsK,-
LexA,ftsL,-
MraZ,ftsL,-
PdhR,ftsL,-
LexA,ftsQ,-
MraZ,ftsQ,-
PdhR,ftsQ,-
SdiA,ftsQ,-
SdiA,ftsQ,+
LexA,ftsW,-
MraZ,ftsW,-
PdhR,ftsW,-
LexA,ftsZ,-
MraZ,ftsZ,-
PdhR,ftsZ,-
RcsB,ftsZ,+
SdiA,ftsZ,-
CRP,fucA,+
FucR,fucA,+
CRP,fucI,+
FucR,fucI,+
CRP,fucK,+
FucR,fucK,+
CRP,fucO,+
FucR,fucO,+
CRP,fucP,+
FucR,fucP,+
CRP,FucR,+
CRP,fucU,+
FucR,fucU,+
ArcA,fumA,-
CRP,fumA,+
FNR,fumA,-
ArcA,fumB,+
CRP,fumB,+
DcuR,fumB,+
Fis,fumB,-
FNR,fumB,+
Fur,fumB,+
NarL,fumB,-
ArcA,fumC,-
CRP,fumC,+
FNR,fumC,-
Fur,fumC,-
MarA,fumC,+
Rob,fumC,+
SoxR,fumC,+
SoxS,fumC,+
CRP,Fur,+
OxyR,Fur,+
SoxS,Fur,+
CRP,gabD,+
CsiR,gabD,-
H-NS,gabD,+
Lrp,gabD,+
Nac,gabD,+
CRP,gabP,+
CsiR,gabP,-
H-NS,gabP,+
Lrp,gabP,+
Nac,gabP,+
CRP,gabT,+
CsiR,gabT,-
H-NS,gabT,+
Lrp,gabT,+
Nac,gabT,+
AdiY,gadA,+
ArcA,gadA,+
CRP,gadA,-
Fis,gadA,-
FNR,gadA,-
GadE-RcsB,gadA,+
GadX,gadA,+
H-NS,gadA,-
RcsB,gadA,-
TorR,gadA,-
AdiY,gadB,+
CRP,gadB,-
Fis,gadB,-
FliZ,gadB,-
GadE,gadB,+
GadX,gadB,+
RcsB,gadB,+
AdiY,gadC,+
CRP,gadC,-
Fis,gadC,-
FliZ,gadC,-
GadE,gadC,+
GadX,gadC,+
RcsB,gadC,+
ArcA,GadE,+
CRP,GadE,-
EvgA,GadE,+
FliZ,GadE,-
GadW,GadE,+
GadX,GadE,+
H-NS,GadE,-
PhoP,GadE,+
YdeO,GadE,+
FNR,GadW,-
GadE,GadW,+
GadX,GadW,-
GadX,GadW,+
H-NS,GadW,-
PhoB,GadW,+
PhoP,GadW,+
RutR,GadW,-
SdiA,GadW,+
YdeO,GadW,+
AdiY,GadX,+
ArcA,GadX,+
CRP,GadX,-
Fis,GadX,-
FNR,GadX,-
GadE,GadX,+
GadE-RcsB,GadX,+
GadW,GadX,-
H-NS,GadX,-
PhoB,GadX,+
RcsB,GadX,-
RutR,GadX,-
TorR,GadX,-
GadW,gadY,-
GadX,gadY,+
RcsB,gadY,+
CRP,galE,+
CRP,galE,-
GalR,galE,-
GalR,galE,+
GalS,galE,-
GalS,galE,+
H-NS,galE,-
HU,galE,-
CRP,galK,+
CRP,galK,-
GalR,galK,-
GalR,galK,+
GalS,galK,+
GalS,galK,-
H-NS,galK,-
HU,galK,-
CRP,galM,-
CRP,galM,+
GalR,galM,-
GalR,galM,+
GalS,galM,+
GalS,galM,-
H-NS,galM,-
HU,galM,-
CRP,galP,+
GalR,galP,-
GalS,galP,-
NagC,galP,-
GalS,GalR,-
CRP,GalS,+
GalR,GalS,-
CRP,galT,+
CRP,galT,-
GalR,galT,-
GalR,galT,+
GalS,galT,+
GalS,galT,-
H-NS,galT,-
HU,galT,-
Cra,gapA,-
CRP,gapA,+
CdaR,garD,+
CdaR,garK,+
FNR,garK,+
Fur,garK,-
H-NS,garK,-
CdaR,garL,+
FNR,garL,+
Fur,garL,-
H-NS,garL,-
CdaR,garP,+
FNR,garP,+
Fur,garP,-
H-NS,garP,-
CdaR,garR,+
FNR,garR,+
Fur,garR,-
H-NS,garR,-
ArcA,gatA,-
CRP,gatA,+
GatR,gatA,-
ArcA,gatB,-
CRP,gatB,+
GatR,gatB,-
ArcA,gatC,-
CRP,gatC,+
GatR,gatC,-
ArcA,gatD,-
CRP,gatD,+
GatR,gatD,-
ArcA,gatY,-
CRP,gatY,+
GatR,gatY,-
ArcA,gatZ,-
CRP,gatZ,+
GatR,gatZ,-
CRP,gcd,-
IHF,gcd,+
AllR,gcl,-
GcvA,gcvB,+
CRP,gcvH,+
FNR,gcvH,+
GcvA,gcvH,-
Lrp,gcvH,+
PurR,gcvH,-
CRP,gcvP,+
FNR,gcvP,+
GcvA,gcvP,-
Lrp,gcvP,+
PurR,gcvP,-
CRP,gcvT,+
FNR,gcvT,+
GcvA,gcvT,-
Lrp,gcvT,+
PurR,gcvT,-
ArgP,gdhA,+
CRP,gdhA,-
FNR,gdhA,+
Nac,gdhA,-
YjjQ,gfcA,-
ArcA,glcA,-
GlcC,glcA,+
IHF,glcA,+
PdhR,glcA,-
ArcA,glcB,-
GlcC,glcB,+
IHF,glcB,+
PdhR,glcB,-
Cra,GlcC,-
CRP,GlcC,+
Fis,GlcC,-
ArcA,glcD,-
GlcC,glcD,+
IHF,glcD,+
PdhR,glcD,-
ArcA,glcE,-
GlcC,glcE,+
IHF,glcE,+
PdhR,glcE,-
ArcA,glcF,-
GlcC,glcF,+
IHF,glcF,+
PdhR,glcF,-
ArcA,glcG,-
GlcC,glcG,+
IHF,glcG,+
PdhR,glcG,-
CRP,glgA,+
PhoP,glgA,+
PhoP,glgB,+
CRP,glgC,+
PhoP,glgC,+
CRP,glgP,+
PhoP,glgP,+
CRP,glgS,+
PhoP,glgX,+
Cra,glk,-
NagC,glmS,-
NagC,glmS,+
NagC,glmU,-
NagC,glmU,+
GlrR,glmY,+
IHF,glmY,+
CRP,glnA,-
CRP,glnA,+
Fis,glnA,+
NtrC,glnA,-
NtrC,glnA,+
PurR,glnB,-
Fur,glnD,-
CRP,glnG,+
CRP,glnG,-
Fis,glnG,+
NtrC,glnG,-
NtrC,glnG,+
IHF,glnH,+
NtrC,glnH,-
NtrC,glnH,+
GadX,glnK,+
NtrC,glnK,+
CRP,glnL,+
CRP,glnL,-
Fis,glnL,+
NtrC,glnL,+
NtrC,glnL,-
IHF,glnP,+
NtrC,glnP,-
NtrC,glnP,+
Fis,glnQ,-
IHF,glnQ,+
NtrC,glnQ,+
NtrC,glnQ,-
Fis,glnU,+
Fis,glnV,+
Fis,glnW,+
Fis,glnX,+
NemR,gloA,-
RutR,gloA,-
ArcA,glpA,-
CRP,glpA,+
Fis,glpA,+
FlhDC,glpA,+
FNR,glpA,+
GlpR,glpA,-
ArcA,glpB,-
CRP,glpB,+
Fis,glpB,+
FlhDC,glpB,+
FNR,glpB,+
GlpR,glpB,-
ArcA,glpC,-
CRP,glpC,+
Fis,glpC,+
FlhDC,glpC,+
FNR,glpC,+
GlpR,glpC,-
ArcA,glpD,-
CRP,glpD,+
GlpR,glpD,-
CRP,glpE,+
CRP,glpF,+
GlpR,glpF,-
CRP,glpG,+
CRP,glpK,+
GlpR,glpK,-
CRP,glpQ,+
Fis,glpQ,+
FNR,glpQ,+
GlpR,glpQ,-
IHF,glpQ,-
CRP,GlpR,+
CRP,glpT,+
Fis,glpT,+
FNR,glpT,+
GlpR,glpT,-
IHF,glpT,-
CRP,glpX,+
GlpR,glpX,-
ArcA,gltA,-
CRP,gltA,+
IHF,gltA,+
AdiY,gltB,+
ArgR,gltB,-
CRP,gltB,-
FNR,gltB,-
Fur,gltB,-
GadE,gltB,+
HdfR,gltB,+
IHF,gltB,+
Lrp,gltB,+
Nac,gltB,-
AdiY,gltD,+
ArgR,gltD,-
CRP,gltD,-
FNR,gltD,-
Fur,gltD,-
GadE,gltD,+
HdfR,gltD,+
IHF,gltD,+
Lrp,gltD,+
Nac,gltD,-
AdiY,gltF,+
ArgR,gltF,-
CRP,gltF,-
FNR,gltF,-
Fur,gltF,-
GadE,gltF,+
HdfR,gltF,+
IHF,gltF,+
Lrp,gltF,+
Nac,gltF,-
FlhDC,gltI,+
FlhDC,gltJ,+
FlhDC,gltK,+
FlhDC,gltL,+
Fis,gltT,+
H-NS,gltT,-
Lrp,gltT,-
Fis,gltU,+
H-NS,gltU,-
Lrp,gltU,-
Fis,gltV,+
Lrp,gltV,-
Fis,gltW,+
H-NS,gltW,-
Lrp,gltW,-
Fis,gltX,-
AllR,glxK,-
AllR,glxR,-
MetR,glyA,+
PurR,glyA,-
Fis,glyT,+
Fis,glyU,+
FNR,gnd,-
Fur,gnd,-
GadE,gnd,+
CRP,gntK,+
GntR,gntK,-
IdnR,gntK,-
CRP,gntP,+
OxyR,gntP,-
UxuR,gntP,-
CRP,gntT,+
GntR,gntT,-
CRP,gntU,+
GntR,gntU,-
IdnR,gntU,-
CRP,gntX,+
GntR,gntX,-
OxyR,gor,+
Fur,gpmA,-
Cra,gpmM,-
CRP,gpsA,+
ArcA,grcA,+
CRP,grcA,+
Fis,grcA,+
FNR,grcA,-
Fur,grcA,-
PdhR,grcA,-
CRP,grpE,+
OxyR,grxA,+
NsrR,grxD,-
H-NS,gspA,-
H-NS,gspB,-
Fur,gspC,-
H-NS,gspC,-
Fur,gspD,-
H-NS,gspD,-
Fur,gspE,-
H-NS,gspE,-
Fur,gspF,-
H-NS,gspF,-
Fur,gspG,-
H-NS,gspG,-
Fur,gspH,-
H-NS,gspH,-
Fur,gspI,-
H-NS,gspI,-
Fur,gspJ,-
H-NS,gspJ,-
Fur,gspK,-
H-NS,gspK,-
Fur,gspL,-
H-NS,gspL,-
Fur,gspM,-
H-NS,gspM,-
Fur,gspO,-
H-NS,gspO,-
CRP,guaA,+
DnaA,guaA,-
Fis,guaA,-
PurR,guaA,-
CRP,guaB,+
DnaA,guaB,-
Fis,guaB,-
PurR,guaB,-
CdaR,gudD,+
CdaR,gudP,+
CdaR,gudX,+
CRP,GutM,+
GutR,GutM,-
H-NS,GutM,+
CRP,gutQ,+
GutM,gutQ,+
GutR,gutQ,-
H-NS,gutQ,+
CRP,gyrA,+
CspA,gyrA,+
Fis,gyrA,-
Fis,gyrB,-
HcaR,hcaB,+
HcaR,hcaC,+
HcaR,hcaD,+
HcaR,hcaE,+
HcaR,hcaF,+
H-NS,hchA,-
FNR,hcp,+
NarL,hcp,+
NarP,hcp,+
NsrR,hcp,-
OxyR,hcp,+
FNR,hcr,+
NarL,hcr,+
NarP,hcr,+
NsrR,hcr,-
OxyR,hcr,+
FliZ,hdeA,-
GadE,hdeA,+
H-NS,hdeA,-
Lrp,hdeA,-
MarA,hdeA,-
PhoP,hdeA,+
RcsB,hdeA,+
TorR,hdeA,+
FliZ,hdeB,-
GadE,hdeB,+
H-NS,hdeB,-
Lrp,hdeB,-
MarA,hdeB,-
PhoP,hdeB,+
RcsB,hdeB,+
TorR,hdeB,+
GadE,hdeD,+
GadX,hdeD,+
H-NS,hdeD,-
PhoP,hdeD,+
RcsB,hdeD,+
H-NS,HdfR,-
ArcA,hemA,+
FNR,hemA,-
IHF,hemA,+
IHF,hemF,-
OxyR,hemH,+
FliA,hemL,+
PdhR,hemL,-
PhoP,hemL,+
CRP,hflC,-
PurR,hflD,-
CRP,hflK,-
CRP,hflX,-
CRP,hfq,-
BasR,hha,+
CpxR,hha,+
PdhR,hha,-
HipAB,hipA,-
HipB,hipA,-
IHF,hipA,+
HipAB,HipB,-
IHF,HipB,+
ArgR,hisJ,-
H-NS,hisJ,+
NtrC,hisJ,+
ArgR,hisM,-
H-NS,hisM,+
NtrC,hisM,+
ArgR,hisP,-
H-NS,hisP,+
NtrC,hisP,+
ArgR,hisQ,-
H-NS,hisQ,+
NtrC,hisQ,+
Fis,hisR,+
CRP,hlyE,+
Fis,hlyE,-
FNR,hlyE,+
SlyA,hlyE,+
FNR,hmp,-
Fur,hmp,-
MetR,hmp,+
NsrR,hmp,-
CspA,hns,+
Fis,hns,+
GadX,hns,+
H-NS,hns,-
CRP,hofB,+
CRP,hofC,+
CRP,hofM,+
CRP,hofN,+
CRP,hofO,+
CRP,hofP,+
RelB,hokD,-
RelB-RelE,hokD,-
LexA,hokE,-
CRP,hpt,+
IHF,hpt,-
CysB,hslJ,-
AscG,htpG,-
IHF,htrE,+
CRP,hupA,+
Fis,hupA,+
CRP,hupB,+
Fis,hupB,-
AppY,hyaA,+
ArcA,hyaA,+
Fis,hyaA,-
IscR,hyaA,-
NarL,hyaA,-
NarP,hyaA,-
YdeO,hyaA,+
AppY,hyaB,+
ArcA,hyaB,+
Fis,hyaB,-
IscR,hyaB,-
NarL,hyaB,-
NarP,hyaB,-
YdeO,hyaB,+
AppY,hyaC,+
ArcA,hyaC,+
Fis,hyaC,-
IscR,hyaC,-
NarL,hyaC,-
NarP,hyaC,-
YdeO,hyaC,+
AppY,hyaD,+
ArcA,hyaD,+
Fis,hyaD,-
IscR,hyaD,-
NarL,hyaD,-
NarP,hyaD,-
YdeO,hyaD,+
AppY,hyaE,+
ArcA,hyaE,+
Fis,hyaE,-
IscR,hyaE,-
NarL,hyaE,-
NarP,hyaE,-
YdeO,hyaE,+
AppY,hyaF,+
ArcA,hyaF,+
Fis,hyaF,-
IscR,hyaF,-
NarL,hyaF,-
NarP,hyaF,-
YdeO,hyaF,+
ArcA,hybA,-
NarL,hybA,-
ArcA,hybB,-
NarL,hybB,-
ArcA,hybC,-
NarL,hybC,-
ArcA,hybD,-
NarL,hybD,-
ArcA,hybE,-
NarL,hybE,-
ArcA,hybF,-
NarL,hybF,-
ArcA,hybG,-
NarL,hybG,-
ArcA,hybO,-
NarL,hybO,-
FhlA,hycA,+
IHF,hycA,+
ModE,hycA,+
NsrR,hycA,-
FhlA,hycB,+
IHF,hycB,+
ModE,hycB,+
NsrR,hycB,-
FhlA,hycC,+
IHF,hycC,+
ModE,hycC,+
NsrR,hycC,-
FhlA,hycD,+
IHF,hycD,+
ModE,hycD,+
NsrR,hycD,-
FhlA,hycE,+
IHF,hycE,+
ModE,hycE,+
NsrR,hycE,-
FhlA,hycF,+
IHF,hycF,+
ModE,hycF,+
NsrR,hycF,-
FhlA,hycG,+
IHF,hycG,+
ModE,hycG,+
NsrR,hycG,-
FhlA,hycH,+
IHF,hycH,+
ModE,hycH,+
NsrR,hycH,-
FhlA,hycI,+
IHF,hycI,+
ModE,hycI,+
NsrR,hycI,-
FhlA,hydN,+
FlhDC,hydN,+
CRP,hyfA,+
FhlA,hyfA,+
FNR,hyfA,-
HyfR,hyfA,+
CRP,hyfB,+
FhlA,hyfB,+
FNR,hyfB,-
HyfR,hyfB,+
CRP,hyfC,+
FhlA,hyfC,+
FNR,hyfC,-
HyfR,hyfC,+
CRP,hyfD,+
FhlA,hyfD,+
FNR,hyfD,-
HyfR,hyfD,+
CRP,hyfE,+
FhlA,hyfE,+
FNR,hyfE,-
HyfR,hyfE,+
CRP,hyfF,+
FhlA,hyfF,+
FNR,hyfF,-
HyfR,hyfF,+
CRP,hyfG,+
FhlA,hyfG,+
FNR,hyfG,-
HyfR,hyfG,+
CRP,hyfH,+
FhlA,hyfH,+
FNR,hyfH,-
HyfR,hyfH,+
CRP,hyfI,+
FhlA,hyfI,+
FNR,hyfI,-
HyfR,hyfI,+
CRP,hyfJ,+
FhlA,hyfJ,+
FNR,hyfJ,-
HyfR,hyfJ,+
CRP,HyfR,+
FhlA,HyfR,+
FNR,HyfR,-
AllR,hyi,-
FhlA,hypA,+
IHF,hypA,+
NsrR,hypA,-
FhlA,hypB,+
FNR,hypB,+
IHF,hypB,+
NsrR,hypB,-
FhlA,hypC,+
FNR,hypC,+
IHF,hypC,+
NsrR,hypC,-
FhlA,hypD,+
FNR,hypD,+
IHF,hypD,+
NsrR,hypD,-
FhlA,hypE,+
FNR,hypE,+
IHF,hypE,+
NsrR,hypE,-
Cra,hypF,-
FhlA,hypF,+
FlhDC,hypF,+
MlrA,ibaG,+
IHF,ibpB,+
ArcA,icd,-
Cra,icd,+
FadR,IclR,+
CRP,idnD,+
GntR,idnD,-
IdnR,idnD,+
CRP,idnK,+
GntR,idnK,-
IdnR,idnK,+
CRP,idnO,+
GntR,idnO,-
IdnR,idnO,+
CRP,IdnR,+
GntR,IdnR,-
CRP,idnT,+
GntR,idnT,-
IdnR,idnT,+
IHF,ihfA,-
NsrR,ihfA,-
IHF,ihfB,-
Fis,ileT,+
Lrp,ileT,-
Fis,ileU,+
H-NS,ileU,-
Lrp,ileU,-
Fis,ileV,+
H-NS,ileV,-
Lrp,ileV,-
IHF,ilvA,+
IHF,ilvA,-
Lrp,ilvA,-
CRP,ilvB,+
IlvY,ilvC,+
IHF,ilvD,+
IHF,ilvD,-
Lrp,ilvD,-
IHF,ilvE,+
IHF,ilvE,-
Lrp,ilvE,-
IHF,ilvG_1,+
IHF,ilvG_1,-
Lrp,ilvG_1,-
IHF,ilvG_2,-
IHF,ilvG_2,+
Lrp,ilvG_2,-
H-NS,ilvH,-
Lrp,ilvH,+
Lrp,ilvH,-
H-NS,ilvI,-
Lrp,ilvI,+
Lrp,ilvI,-
IHF,ilvL,+
IHF,ilvL,-
Lrp,ilvL,-
IHF,ilvM,+
IHF,ilvM,-
Lrp,ilvM,-
CRP,ilvN,+
IHF,ilvX,-
IHF,ilvX,+
Lrp,ilvX,-
MarA,inaA,+
Rob,inaA,+
SoxS,inaA,+
ArgR,infB,-
CRP,infB,-
Fis,infB,+
NsrR,infC,-
DicA,insD,-
LexA,insK,-
DicA,intQ,-
FNR,iraD,+
ArcA,iraM,+
FNR,iraM,+
PhoP,iraM,+
CsgD,iraP,+
IscR,iscA,-
IscR,iscS,-
IscR,iscU,-
FliA,ispE,+
OxyR,isrC,-
CRP,ivbL,+
Fis,katE,-
Fur,katE,+
FNR,katG,+
Fur,katG,+
OxyR,katG,+
AgaR,kbaY,-
AgaR,kbaZ,-
CRP,kbaZ,+
Lrp,kbl,+
KdpE,kdpA,+
KdpE,kdpB,+
KdpE,kdpC,+
KdpE,kdpF,+
CRP,lacA,+
CRP,lacA,-
H-NS,lacA,-
LacI,lacA,-
CRP,LacI,+
CRP,lacY,+
CRP,lacY,-
H-NS,lacY,-
LacI,lacY,-
CRP,lacZ,+
CRP,lacZ,-
H-NS,lacZ,-
LacI,lacZ,-
CRP,lamB,+
MalT,lamB,+
CRP,ldtB,-
Rob,ldtB,+
CpxR,ldtC,+
LeuO,leuA,+
LeuO,leuB,+
LeuO,leuC,+
LeuO,leuD,+
Lrp,leuE,-
LeuO,leuL,+
H-NS,LeuO,-
RcsB-BglJ,LeuO,+
StpA,LeuO,-
Fis,leuP,+
Fis,leuQ,+
Fis,leuT,+
Fis,leuV,+
Fis,leuW,+
Fis,leuX,+
UxuR,lgoR,-
CRP,lhgO,+
CsiR,lhgO,-
H-NS,lhgO,+
Lrp,lhgO,+
Lrp,livF,-
Lrp,livG,-
Lrp,livH,-
Lrp,livJ,-
Lrp,livK,-
Lrp,livM,-
ArcA,lldD,-
LldR,lldD,-
LldR,lldD,+
ArcA,lldP,-
LldR,lldP,-
LldR,lldP,+
ArcA,LldR,-
RcsB,lolA,+
FliA,lolB,+
GadX,lon,+
ArcA,lpd,-
Cra,lpd,-
CRP,lpd,-
CRP,lpd,+
Fis,lpd,+
PdhR,lpd,-
CpxR,lpxA,+
GadE,lpxA,+
LexA,lpxC,-
MraZ,lpxC,-
PdhR,lpxC,-
CpxR,lpxD,+
GadE,lpxD,+
GadE,Lrp,+
H-NS,Lrp,-
NsrR,Lrp,-
CRP,lsrA,+
LsrR,lsrA,-
CRP,lsrB,+
LsrR,lsrB,-
CRP,lsrC,+
LsrR,lsrC,-
CRP,lsrD,+
LsrR,lsrD,-
CRP,lsrF,+
LsrR,lsrF,-
CRP,lsrG,+
LsrR,lsrG,-
CRP,lsrK,+
LsrR,lsrK,-
CRP,LsrR,+
ArgP,lysA,+
LysR,lysA,+
ArgP,lysC,+
ArgR,lysO,-
ArgP,lysP,+
Lrp,lysP,+
Fis,lysT,+
Lrp,lysU,-
Fis,lysV,+
Fis,lysW,+
CRP,lyxK,+
IHF,lyxK,+
YiaJ,lyxK,-
CreB,malE,-
CRP,malE,+
Fis,malE,+
MalT,malE,+
CreB,malF,-
CRP,malF,+
Fis,malF,+
MalT,malF,+
CreB,malG,-
CRP,malG,+
Fis,malG,+
MalT,malG,+
CRP,MalI,+
CRP,MalI,-
CRP,malK,+
MalT,malK,+
CRP,malM,+
MalT,malM,+
FNR,malP,+
MalT,malP,+
FNR,malQ,+
MalT,malQ,+
CRP,malS,+
MalT,malS,+
PhoP,malS,+
CRP,MalT,+
Lrp,MalT,+
Mlc,MalT,-
CRP,malX,+
MalI,malX,-
CRP,malY,+
MalI,malY,-
MalT,malZ,+
CRP,manA,+
CRP,manA,-
Cra,manX,-
CRP,manX,+
Mlc,manX,-
NagC,manX,-
Cra,manY,-
CRP,manY,+
Mlc,manY,-
NagC,manY,-
Cra,manZ,-
CRP,manZ,+
Mlc,manZ,-
NagC,manZ,-
AcrR,MarA,-
CpxR,MarA,+
Cra,MarA,-
CRP,MarA,+
Fis,MarA,+
MarR,MarA,-
Rob,MarA,+
SoxS,MarA,+
AcrR,marB,-
CpxR,marB,+
Cra,marB,-
CRP,marB,+
Fis,marB,+
MarA,marB,+
MarR,marB,-
Rob,marB,+
SoxS,marB,+
AcrR,MarR,-
CpxR,MarR,+
Cra,MarR,-
CRP,MarR,+
Fis,MarR,+
MarA,MarR,+
Rob,MarR,+
SoxS,MarR,+
CRP,MazE,+
Fis,MazE,+
HipAB,MazE,-
HipB,MazE,-
H-NS,MazE,+
MazE-MazF,MazE,-
CRP,mazF,+
Fis,mazF,+
HipAB,mazF,-
HipB,mazF,-
H-NS,mazF,+
MazE,mazF,-
MazE-MazF,mazF,-
Fis,mazG,+
MazE,mazG,-
MazE-MazF,mazG,-
CRP,mcaS,+
McbR,mcbA,-
ArcA,mdh,-
CRP,mdh,+
DpiA,mdh,+
FlhDC,mdh,-
BaeR,mdtA,+
CpxR,mdtA,+
BaeR,mdtB,+
CpxR,mdtB,+
BaeR,mdtC,+
CpxR,mdtC,+
BaeR,mdtD,+
CpxR,mdtD,+
CRP,mdtE,-
EvgA,mdtE,+
FliZ,mdtE,-
GadE,mdtE,+
GadW,mdtE,+
GadX,mdtE,+
H-NS,mdtE,-
YdeO,mdtE,+
CRP,mdtF,-
EvgA,mdtF,+
FliZ,mdtF,-
GadE,mdtF,+
GadW,mdtF,+
GadX,mdtF,+
H-NS,mdtF,-
YdeO,mdtF,+
CRP,melA,+
MelR,melA,-
MelR,melA,+
CRP,melB,+
MelR,melB,-
MelR,melB,+
CRP,MelR,+
NsrR,mepH,-
MetJ,metA,-
HypT,metB,+
MetJ,metB,-
PhoP,metB,+
MetJ,metC,-
MetJ,metE,-
MetR,metE,+
MetJ,metF,-
Fur,metH,-
MetR,metH,+
HypT,metI,+
MetJ,metI,-
Fur,MetJ,-
CRP,metK,-
MetJ,metK,-
HypT,metL,+
MetJ,metL,-
PhoP,metL,+
HypT,metN,+
MetJ,metN,-
HypT,metQ,+
MetJ,metQ,-
MetJ,MetR,-
Fis,metT,+
Fis,metU,+
ArgR,metY,-
CRP,metY,-
Fis,metY,+
CRP,mglA,+
Fis,mglA,-
FlhDC,mglA,-
GalR,mglA,-
GalS,mglA,-
CRP,mglB,+
FlhDC,mglB,-
GalR,mglB,-
GalS,mglB,-
CRP,mglC,+
Fis,mglC,-
FlhDC,mglC,-
GalR,mglC,-
GalS,mglC,-
PhoP,mgrB,+
PhoP,mgrR,+
PhoP,mgtA,+
PhoP,mgtL,+
CRP,mhpA,+
MhpR,mhpA,+
CRP,mhpB,+
MhpR,mhpB,+
CRP,mhpC,+
MhpR,mhpC,+
CRP,mhpD,+
MhpR,mhpD,+
CRP,mhpE,+
MhpR,mhpE,+
CRP,mhpF,+
MhpR,mhpF,+
CRP,MhpR,+
NsrR,mhpT,-
AcrR,micF,-
H-NS,micF,-
HU,micF,+
IHF,micF,-
Lrp,micF,-
MarA,micF,+
OmpR,micF,+
Rob,micF,+
SoxS,micF,+
AsnC,mioC,-
MraZ,mioC,-
Nac,mioC,-
PhoB,mipA,+
CRP,Mlc,+
CRP,Mlc,-
FliZ,MlrA,-
Rob,mltF,+
MngR,mngA,-
MngR,mngB,-
AsnC,mnmG,-
Nac,mnmG,-
Fur,mntH,-
MntR,mntH,-
OxyR,mntH,+
Fur,mntP,+
MntR,mntP,+
MntR,mntS,-
CueR,moaA,-
FNR,moaA,+
ModE,moaA,+
CueR,moaB,-
FNR,moaB,+
ModE,moaB,+
CueR,moaC,-
FNR,moaC,+
ModE,moaC,+
CueR,moaD,-
FNR,moaD,+
ModE,moaD,+
CueR,moaE,-
FNR,moaE,+
ModE,moaE,+
CRP,modA,+
FliA,modA,+
ModE,modA,-
CRP,modB,+
FliA,modB,+
ModE,modB,-
CRP,modC,+
FliA,modC,+
ModE,modC,-
ArcA,moeA,+
FNR,moeA,-
NarL,moeA,+
ArcA,moeB,+
FNR,moeB,-
NarL,moeB,+
LexA,molR_1,-
RcsB-BglJ,molR_1,+
CpxR,motA,-
FliA,motA,+
CpxR,motB,-
FliA,motB,+
PgrR,mpaA,-
Cra,mpl,-
CRP,mpl,+
MqsA,mqsR,-
LexA,mraY,-
MraZ,mraY,-
PdhR,mraY,-
PdhR,MraZ,-
CpxR,mscM,-
Fis,msrA,-
Cra,mtlA,-
CRP,mtlA,+
Fis,mtlA,-
MtlR,mtlA,-
Cra,mtlD,-
CRP,mtlD,+
Fis,mtlD,-
MtlR,mtlD,-
Cra,MtlR,-
CRP,MtlR,+
Fis,MtlR,-
HU,mtr,-
IHF,mtr,-
TrpR,mtr,-
TyrR,mtr,+
H-NS,mukB,+
H-NS,mukE,+
H-NS,mukF,+
LexA,murC,-
MraZ,murC,-
PdhR,murC,-
LexA,murD,-
MraZ,murD,-
PdhR,murD,-
LexA,murE,-
MraZ,murE,-
PdhR,murE,-
LexA,murF,-
MraZ,murF,-
PdhR,murF,-
LexA,murG,-
MraZ,murG,-
PdhR,murG,-
GadX,murI,-
CRP,murP,+
MurR,murP,-
CRP,murQ,+
MurR,murQ,-
CpxR,mzrA,+
FNR,Nac,-
Fur,Nac,-
NtrC,Nac,+
NadR,nadA,-
NadR,nadB,-
CRP,nadC,+
NagC,nagA,-
PhoP,nagA,+
NagC,nagB,-
NagC,nagE,-
CRP,nanA,+
Fis,nanA,-
NanR,nanA,-
CRP,nanC,+
NagC,nanC,-
NanR,nanC,-
CRP,nanE,+
Fis,nanE,-
NanR,nanE,-
CRP,nanK,+
Fis,nanK,-
NanR,nanK,-
CRP,nanM,+
NagC,nanM,-
NanR,nanM,-
CRP,nanS,+
NagC,nanS,-
NanR,nanS,-
CRP,nanT,+
Fis,nanT,-
NanR,nanT,-
FlhDC,napA,+
FNR,napA,+
IscR,napA,-
ModE,napA,+
NarL,napA,-
NarP,napA,+
NarP,napA,-
FlhDC,napB,+
FNR,napB,+
IscR,napB,-
ModE,napB,+
NarL,napB,-
NarP,napB,+
NarP,napB,-
FlhDC,napC,+
FNR,napC,+
IscR,napC,-
ModE,napC,+
NarL,napC,-
NarP,napC,+
NarP,napC,-
FlhDC,napD,+
FNR,napD,+
IscR,napD,-
ModE,napD,+
NarL,napD,-
NarP,napD,-
NarP,napD,+
FlhDC,napF,+
FNR,napF,+
IscR,napF,-
ModE,napF,+
NarL,napF,-
NarP,napF,-
NarP,napF,+
FlhDC,napG,+
FNR,napG,+
IscR,napG,-
ModE,napG,+
NarL,napG,-
NarP,napG,-
NarP,napG,+
FlhDC,napH,+
FNR,napH,+
IscR,napH,-
ModE,napH,+
NarL,napH,-
NarP,napH,-
NarP,napH,+
Fis,narG,-
FNR,narG,+
IHF,narG,+
NarL,narG,+
RstA,narG,+
Fis,narH,-
FNR,narH,+
IHF,narH,+
NarL,narH,+
RstA,narH,+
Fis,narI,-
FNR,narI,+
IHF,narI,+
NarL,narI,+
RstA,narI,+
Fis,narJ,-
FNR,narJ,+
IHF,narJ,+
NarL,narJ,+
RstA,narJ,+
Fis,narK,-
FNR,narK,+
IHF,narK,+
NarL,narK,+
FNR,NarL,-
ModE,NarL,+
CRP,narQ,-
FNR,narX,-
ModE,narX,+
ArcA,ndh,-
Fis,ndh,+
Fis,ndh,-
FNR,ndh,-
Fur,ndh,-
IHF,ndh,-
NsrR,ndh,-
PdhR,ndh,-
NemR,nemA,-
RutR,nemA,-
RutR,NemR,-
MarA,nfo,+
Rob,nfo,+
SoxS,nfo,+
MarA,nfsA,+
OxyR,nfsA,-
Rob,nfsA,+
SoxS,nfsA,+
MarA,nfsB,+
Rob,nfsB,+
SoxS,nfsB,+
CRP,nfuA,+
GntR,nfuA,-
IscR,nfuA,-
H-NS,nhaA,-
NhaR,nhaA,+
H-NS,NhaR,-
FNR,nikA,+
NarL,nikA,-
NikR,nikA,-
FNR,nikB,+
NarL,nikB,-
NikR,nikB,-
FNR,nikC,+
NarL,nikC,-
NikR,nikC,-
FNR,nikD,+
NarL,nikD,-
NikR,nikD,-
FNR,nikE,+
NarL,nikE,-
NikR,nikE,-
FNR,NikR,+
NarL,NikR,-
NimR,nimT,-
Cra,nirB,-
CRP,nirB,-
Fis,nirB,-
FNR,nirB,+
H-NS,nirB,-
IHF,nirB,-
IHF,nirB,+
NarL,nirB,+
NarP,nirB,+
Cra,nirC,-
CRP,nirC,-
Fis,nirC,-
FNR,nirC,+
H-NS,nirC,-
IHF,nirC,-
IHF,nirC,+
NarL,nirC,+
NarP,nirC,+
Cra,nirD,-
CRP,nirD,-
Fis,nirD,-
FNR,nirD,+
H-NS,nirD,-
IHF,nirD,-
IHF,nirD,+
NarL,nirD,+
NarP,nirD,+
CsgD,nlpA,+
CRP,nlpE,-
CRP,nmpC,+
IHF,nmpC,-
MprA,nmpC,-
OmpR,nmpC,-
Fur,nohA,-
NsrR,NorR,-
FNR,norV,-
IHF,norV,-
IHF,norV,+
NarL,norV,-
NarP,norV,-
NorR,norV,+
FNR,norW,-
IHF,norW,-
IHF,norW,+
NarL,norW,-
NarP,norW,-
NorR,norW,+
ArgP,nrdA,+
CRP,nrdA,+
DnaA,nrdA,+
DnaA,nrdA,-
Fis,nrdA,+
H-NS,nrdA,-
NrdR,nrdA,-
ArgP,nrdB,+
CRP,nrdB,+
DnaA,nrdB,-
DnaA,nrdB,+
Fis,nrdB,+
H-NS,nrdB,-
NrdR,nrdB,-
FNR,nrdD,+
H-NS,nrdD,-
NrdR,nrdD,-
Fur,nrdE,-
IscR,nrdE,+
NrdR,nrdE,-
Fur,nrdF,-
IscR,nrdF,+
NrdR,nrdF,-
FNR,nrdG,+
H-NS,nrdG,-
NrdR,nrdG,-
Fur,nrdH,-
IscR,nrdH,+
NrdR,nrdH,-
Fur,nrdI,-
IscR,nrdI,+
NrdR,nrdI,-
Fis,nrfA,-
FlhDC,nrfA,+
FNR,nrfA,+
IHF,nrfA,-
IHF,nrfA,+
NarL,nrfA,+
NarL,nrfA,-
NarP,nrfA,+
NsrR,nrfA,-
Fis,nrfB,-
FlhDC,nrfB,+
FNR,nrfB,+
IHF,nrfB,-
IHF,nrfB,+
NarL,nrfB,-
NarL,nrfB,+
NarP,nrfB,+
NsrR,nrfB,-
Fis,nrfC,-
FlhDC,nrfC,+
FNR,nrfC,+
IHF,nrfC,-
IHF,nrfC,+
NarL,nrfC,-
NarL,nrfC,+
NarP,nrfC,+
NsrR,nrfC,-
Fis,nrfD,-
FlhDC,nrfD,+
FNR,nrfD,+
IHF,nrfD,+
IHF,nrfD,-
NarL,nrfD,+
NarL,nrfD,-
NarP,nrfD,+
NsrR,nrfD,-
Fis,nrfE,-
FlhDC,nrfE,+
FNR,nrfE,+
IHF,nrfE,-
IHF,nrfE,+
NarL,nrfE,+
NarL,nrfE,-
NarP,nrfE,+
NsrR,nrfE,-
Fis,nrfF,-
FlhDC,nrfF,+
FNR,nrfF,+
IHF,nrfF,-
IHF,nrfF,+
NarL,nrfF,+
NarL,nrfF,-
NarP,nrfF,+
NsrR,nrfF,-
Fis,nrfG,-
FlhDC,nrfG,+
FNR,nrfG,+
IHF,nrfG,+
IHF,nrfG,-
NarL,nrfG,+
NarL,nrfG,-
NarP,nrfG,+
NsrR,nrfG,-
ArcA,nuoA,-
Fis,nuoA,+
FNR,nuoA,-
IHF,nuoA,-
NarL,nuoA,+
ArcA,nuoB,-
Fis,nuoB,+
FNR,nuoB,-
IHF,nuoB,-
NarL,nuoB,+
ArcA,nuoC,-
Fis,nuoC,+
FNR,nuoC,-
IHF,nuoC,-
NarL,nuoC,+
ArcA,nuoE,-
Fis,nuoE,+
FNR,nuoE,-
IHF,nuoE,-
NarL,nuoE,+
ArcA,nuoF,-
Fis,nuoF,+
FNR,nuoF,-
IHF,nuoF,-
NarL,nuoF,+
ArcA,nuoG,-
Fis,nuoG,+
FNR,nuoG,-
IHF,nuoG,-
NarL,nuoG,+
ArcA,nuoH,-
Fis,nuoH,+
FNR,nuoH,-
IHF,nuoH,-
NarL,nuoH,+
ArcA,nuoI,-
Fis,nuoI,+
FNR,nuoI,-
IHF,nuoI,-
NarL,nuoI,+
ArcA,nuoJ,-
Fis,nuoJ,+
FNR,nuoJ,-
IHF,nuoJ,-
NarL,nuoJ,+
ArcA,nuoK,-
Fis,nuoK,+
FNR,nuoK,-
IHF,nuoK,-
NarL,nuoK,+
ArcA,nuoL,-
Fis,nuoL,+
FNR,nuoL,-
IHF,nuoL,-
NarL,nuoL,+
ArcA,nuoM,-
Fis,nuoM,+
FNR,nuoM,-
IHF,nuoM,-
NarL,nuoM,+
ArcA,nuoN,-
Fis,nuoN,+
FNR,nuoN,-
IHF,nuoN,-
NarL,nuoN,+
CRP,nupC,+
CytR,nupC,-
Nac,nupC,+
CRP,nupG,+
CRP,nupG,-
CytR,nupG,-
DeoR,nupG,-
ArgR,nusA,-
CRP,nusA,-
Fis,nusA,+
Fis,ogt,-
NarL,ogt,+
CRP,ompA,+
CpxR,ompC,+
EnvY,ompC,+
IHF,ompC,-
Lrp,ompC,-
OmpR,ompC,+
YjjQ,ompC,-
CpxR,ompF,-
CRP,ompF,+
EnvY,ompF,+
Fur,ompF,+
IHF,ompF,-
IHF,ompF,+
OmpR,ompF,-
OmpR,ompF,+
PhoB,ompF,+
RstA,ompF,-
SoxS,ompN,+
CRP,OmpR,+
CRP,OmpR,-
IHF,OmpR,-
PhoP,ompT,+
FNR,ompW,+
FNR,ompX,-
OmpR,omrA,+
OmpR,omrB,+
ArcA,oppA,-
FliA,oppA,+
Fur,oppA,-
Lrp,oppA,-
ModE,oppA,-
ArcA,oppB,-
FliA,oppB,+
Fur,oppB,-
Lrp,oppB,-
ModE,oppB,-
ArcA,oppC,-
FliA,oppC,+
Fur,oppC,-
Lrp,oppC,-
ModE,oppC,-
ArcA,oppD,-
FliA,oppD,+
Fur,oppD,-
Lrp,oppD,-
ModE,oppD,-
ArcA,oppF,-
FliA,oppF,+
Fur,oppF,-
Lrp,oppF,-
ModE,oppF,-
RcsB,osmB,+
H-NS,osmC,-
Lrp,osmC,+
Lrp,osmC,-
NhaR,osmC,+
RcsB,osmC,+
Fis,osmE,-
IHF,osmE,-
CRP,osmY,-
Fis,osmY,-
FliZ,osmY,-
IHF,osmY,-
Lrp,osmY,-
EvgA,oxc,+
CRP,OxyR,+
OxyR,oxyS,+
CRP,paaA,+
IHF,paaA,+
PaaX,paaA,-
CRP,paaB,+
IHF,paaB,+
PaaX,paaB,-
CRP,paaC,+
IHF,paaC,+
PaaX,paaC,-
CRP,paaD,+
IHF,paaD,+
PaaX,paaD,-
CRP,paaE,+
IHF,paaE,+
PaaX,paaE,-
CRP,paaF,+
IHF,paaF,+
PaaX,paaF,-
CRP,paaG,+
IHF,paaG,+
PaaX,paaG,-
CRP,paaH,+
IHF,paaH,+
PaaX,paaH,-
CRP,paaI,+
IHF,paaI,+
PaaX,paaI,-
CRP,paaJ,+
IHF,paaJ,+
PaaX,paaJ,-
CRP,paaK,+
IHF,paaK,+
PaaX,paaK,-
PaaX,paaY,-
CRP,paaZ,+
IHF,paaZ,+
PaaX,paaZ,-
PhoP,pagP,+
NtrC,patA,+
Nac,patD,+
CRP,patZ,+
Cra,pck,+
CRP,pck,+
CRP,pck,-
FNR,pdeF,+
FlhDC,pdeH,+
FliA,pdeH,+
Cra,pdeL,-
FliZ,pdeR,-
RutR,pdeR,-
Cra,PdhR,-
CRP,PdhR,+
Fis,pdxA,+
CsgD,pepD,-
FNR,pepT,+
Cra,pfkA,-
ArcA,pflB,+
CRP,pflB,+
Fis,pflB,-
FNR,pflB,+
IHF,pflB,+
NarL,pflB,-
NhaR,pgaA,+
OmpR,pgaA,-
NhaR,pgaB,+
OmpR,pgaB,-
NhaR,pgaC,+
OmpR,pgaC,-
NhaR,pgaD,+
OmpR,pgaD,-
SoxS,pgi,+
Cra,pgk,-
CRP,pgk,+
HU,pgm,-
NsrR,pgpC,-
FNR,pheM,-
NsrR,pheM,-
NsrR,pheS,-
NsrR,pheT,-
Fis,pheU,+
Fis,pheV,+
PhoB,phnC,+
PhoB,phnD,+
PhoB,phnE_1,+
PhoB,phnE_2,+
PhoB,phnF,+
PhoB,phnG,+
PhoB,phnH,+
PhoB,phnI,+
PhoB,phnJ,+
PhoB,phnK,+
PhoB,phnL,+
PhoB,phnM,+
PhoB,phnN,+
PhoB,phnO,+
PhoB,phnP,+
PhoB,phoA,+
PhoB,phoE,+
PhoB,phoH,+
PhoB,phoQ,+
PhoP,phoQ,-
PhoP,phoQ,+
PhoB,phoR,+
FNR,phoU,+
IHF,phoU,+
PhoB,phoU,+
LexA,phr,-
FNR,pitA,+
PhoB,pitB,-
CRP,pncB,-
NadR,pncB,-
ArgR,pnp,-
CRP,pnp,-
Fis,pnp,+
NadR,pnuC,-
DnaA,polA,+
LexA,polB,-
NtrC,potF,+
NtrC,potG,+
NtrC,potH,+
NtrC,potI,+
Cra,poxB,+
MarA,poxB,+
SoxS,poxB,+
Cra,ppc,-
FlhDC,ppdA,+
FliA,ppdA,+
FlhDC,ppdB,+
FliA,ppdB,+
FlhDC,ppdC,+
FliA,ppdC,+
CRP,ppdD,+
CpxR,ppiA,+
CRP,ppiA,-
CytR,ppiA,-
CpxR,ppiD,+
Cra,ppsA,+
MarA,pqiA,+
SoxS,pqiA,+
MarA,pqiB,+
SoxS,pqiB,+
CRP,preA,+
CRP,preT,+
ArcA,prfA,+
FNR,prfA,-
IHF,prfA,+
CRP,priB,+
ArcA,prmC,+
FNR,prmC,-
IHF,prmC,+
Fis,proK,+
Fis,proL,+
Fis,proM,+
CRP,proP,+
CRP,proP,-
Fis,proP,+
H-NS,proV,-
IHF,proV,+
H-NS,proW,-
IHF,proW,+
H-NS,proX,-
IHF,proX,+
Cra,prpB,-
CRP,prpB,+
PrpR,prpB,+
Cra,prpC,-
CRP,prpC,+
PrpR,prpC,+
Cra,prpD,-
CRP,prpD,+
PrpR,prpD,+
Cra,prpE,-
CRP,prpE,+
PrpR,prpE,+
AscG,PrpR,-
CRP,PrpR,+
PhoB,PrpR,-
FliA,prs,+
PurR,prs,-
CpxR,psd,-
CRP,psiE,-
PhoB,psiE,+
PhoB,psiF,+
IHF,pspA,+
PspF,pspA,+
IHF,pspB,+
PspF,pspB,+
IHF,pspC,+
PspF,pspC,+
IHF,pspD,+
PspF,pspD,+
IHF,pspE,+
PspF,pspE,+
IHF,pspG,+
PspF,pspG,+
FNR,pstA,+
IHF,pstA,+
PhoB,pstA,+
FNR,pstB,+
IHF,pstB,+
PhoB,pstB,+
FNR,pstC,+
IHF,pstC,+
PhoB,pstC,+
FNR,pstS,+
IHF,pstS,+
PhoB,pstS,+
LexA,ptrA,-
ArcA,ptsG,-
CRP,ptsG,+
Fis,ptsG,-
Mlc,ptsG,-
SoxS,ptsG,+
Cra,ptsH,+
Cra,ptsH,-
CRP,ptsH,+
CRP,ptsH,-
Mlc,ptsH,-
NagC,ptsH,-
Cra,ptsI,+
Cra,ptsI,-
CRP,ptsI,-
CRP,ptsI,+
Mlc,ptsI,-
NagC,ptsI,-
GadE,purA,+
MarA,purA,-
PurR,purA,-
PurR,purB,-
PurR,purC,-
PhoP,purD,+
PurR,purD,-
RbsR,purD,-
PurR,purE,-
PurR,purF,-
PhoP,purH,+
PurR,purH,-
RbsR,purH,-
PurR,purK,-
PurR,purL,-
FNR,purM,-
PurR,purM,-
FNR,purN,-
PurR,purN,-
Fur,PurR,-
BasR,PutA,-
MarA,PutA,+
CRP,putP,-
PutA,putP,-
ArcA,puuA,-
FNR,puuA,-
PuuR,puuA,-
ArcA,puuB,-
CRP,puuB,-
PuuR,puuB,-
ArcA,puuC,-
CRP,puuC,-
PuuR,puuC,-
ArcA,puuD,-
CRP,puuD,-
PuuR,puuD,-
ArcA,puuE,-
CRP,puuE,-
PuuR,puuE,-
ArcA,puuP,-
FNR,puuP,-
PuuR,puuP,-
ArcA,PuuR,-
CRP,PuuR,-
Cra,pykF,-
Fur,pyrC,-
PurR,pyrC,-
Fis,pyrD,-
PurR,pyrD,-
BasR,QseB,+
BasR,qseC,+
QseB,qseC,+
Fis,queA,+
CRP,raiA,+
RcsB,rarA,+
ArgR,rbfA,-
CRP,rbfA,-
Fis,rbfA,+
CRP,rbsA,+
RbsR,rbsA,-
CRP,rbsB,+
RbsR,rbsB,-
CRP,rbsC,+
RbsR,rbsC,-
CRP,rbsD,+
RbsR,rbsD,-
CRP,rbsK,+
RbsR,rbsK,-
CRP,RbsR,+
RclR,rclA,+
RclR,rclB,+
RclR,rclC,+
Fur,rcnA,-
RcnR,rcnA,-
Fur,rcnB,-
RcnR,rcnB,-
GadE,rcsA,+
H-NS,rcsA,-
RcsAB,rcsA,+
H-NS,RcsB,-
H-NS,rcsD,-
CpxR,rdoA,+
LexA,recA,-
LexA,recB,-
FlhDC,recC,+
FliA,recC,+
LexA,recD,-
ArgP,recF,+
DnaA,recF,-
LexA,recN,-
LexA,recX,-
CRP,relA,+
HipAB,relA,-
HipB,relA,-
H-NS,relA,+
NtrC,relA,+
RelB-RelE,RelB,-
RelB,relE,-
RelB-RelE,relE,-
NsrR,rfe,-
NsrR,rffA,-
NsrR,rffC,-
NsrR,rffG,-
NsrR,rffH,-
NsrR,rffM,-
NsrR,rffT,-
CRP,rhaA,+
RhaS,rhaA,+
CRP,rhaB,+
RhaS,rhaB,+
CRP,rhaD,+
RhaS,rhaD,+
CRP,RhaR,+
RhaS,RhaR,+
CRP,RhaS,+
RhaR,RhaS,+
ArcA,rhaT,-
CRP,rhaT,+
RhaS,rhaT,+
SoxS,ribA,+
MarA,rimK,+
OxyR,rimK,-
Rob,rimK,+
SoxS,rimK,+
FNR,rimM,-
ArgR,rimP,-
CRP,rimP,-
Fis,rimP,+
CRP,rmf,+
IscR,rnlA,-
IscR,rnlB,-
CdaR,rnpB,+
Fis,rnpB,+
Fis,rnpB,-
FNR,rnpB,+
Fur,rnpB,-
H-NS,rnpB,-
MarA,Rob,-
SoxS,Rob,-
CRP,rof,-
AlsR,rpiB,-
AlsR,rpiR,-
ArcA,rplB,-
FNR,rplB,+
ArcA,rplC,-
FNR,rplC,+
ArcA,rplD,-
FNR,rplD,+
CRP,rplI,+
CRP,rplM,-
Fis,rplM,-
FNR,rplM,-
ArcA,rplP,-
FNR,rplP,+
FNR,rplS,-
FNR,rplT,-
NsrR,rplT,-
MlrA,rplU,+
ArcA,rplV,-
FNR,rplV,+
ArcA,rplW,-
FNR,rplW,+
MlrA,rpmA,+
ArcA,rpmC,-
FNR,rpmC,+
NsrR,rpmI,-
LexA,rpoD,-
CpxR,rpoE,-
CpxR,rpoH,+
CRP,rpoH,+
CRP,rpoH,-
CytR,rpoH,-
DnaA,rpoH,-
IHF,rpoH,+
ArcA,rpoS,-
Fur,rpoS,-
GadX,rpoS,+
MqsA,rpoS,-
CpxR,rprA,+
RcsB,rprA,+
ArcA,rpsC,-
FNR,rpsC,+
CRP,rpsF,+
CRP,rpsI,-
Fis,rpsI,-
FNR,rpsI,-
ArcA,rpsJ,-
FNR,rpsJ,+
ArgR,rpsO,-
CRP,rpsO,-
Fis,rpsO,+
FNR,rpsP,-
ArcA,rpsQ,-
FNR,rpsQ,+
CRP,rpsR,+
ArcA,rpsS,-
FNR,rpsS,+
LexA,rpsU,-
Fis,rrfA,+
Lrp,rrfA,-
Fis,rrfB,+
H-NS,rrfB,-
Lrp,rrfB,-
Fis,rrfC,+
H-NS,rrfC,-
Lrp,rrfC,-
Fis,rrfD,+
H-NS,rrfD,-
Lrp,rrfD,-
Fis,rrfE,+
Lrp,rrfE,-
Fis,rrfF,+
H-NS,rrfF,-
Lrp,rrfF,-
Fis,rrfG,+
H-NS,rrfG,-
Lrp,rrfG,-
Fis,rrfH,+
H-NS,rrfH,-
Lrp,rrfH,-
Fis,rrlA,+
Lrp,rrlA,-
Fis,rrlB,+
H-NS,rrlB,-
Lrp,rrlB,-
Fis,rrlC,+
H-NS,rrlC,-
Lrp,rrlC,-
Fis,rrlD,+
H-NS,rrlD,-
Lrp,rrlD,-
Fis,rrlE,+
Lrp,rrlE,-
Fis,rrlG,+
H-NS,rrlG,-
Lrp,rrlG,-
Fis,rrlH,+
H-NS,rrlH,-
Lrp,rrlH,-
Fis,rrsA,+
Lrp,rrsA,-
Fis,rrsB,+
H-NS,rrsB,-
Lrp,rrsB,-
Fis,rrsC,+
H-NS,rrsC,-
Lrp,rrsC,-
Fis,rrsD,+
H-NS,rrsD,-
Lrp,rrsD,-
Fis,rrsE,+
Lrp,rrsE,-
Fis,rrsG,+
H-NS,rrsG,-
Lrp,rrsG,-
Fis,rrsH,+
H-NS,rrsH,-
Lrp,rrsH,-
CpxR,rseA,-
CpxR,rseB,-
CpxR,rseC,-
Fis,rsmA,+
MraZ,rsmH,-
PdhR,rsmH,-
PhoP,RstA,+
PhoP,rstB,+
IHF,rtcA,+
RtcR,rtcA,+
IHF,rtcB,+
RtcR,rtcB,+
ArcA,rutA,+
NtrC,rutA,+
PhoP,rutA,+
RutR,rutA,-
ArcA,rutB,+
NtrC,rutB,+
PhoP,rutB,+
RutR,rutB,-
ArcA,rutC,+
NtrC,rutC,+
PhoP,rutC,+
RutR,rutC,-
ArcA,rutD,+
NtrC,rutD,+
PhoP,rutD,+
RutR,rutD,-
ArcA,rutE,+
NtrC,rutE,+
PhoP,rutE,+
RutR,rutE,-
ArcA,rutF,+
NtrC,rutF,+
PhoP,rutF,+
RutR,rutF,-
ArcA,rutG,+
NtrC,rutG,+
PhoP,rutG,+
RutR,rutG,-
LexA,ruvA,-
LexA,ruvB,-
MntR,rybA,-
NsrR,rybB,-
Fur,ryhB,-
EvgA,safA,+
PhoP,safA,-
RcsB,safA,+
YdeO,safA,-
PhoB,sbcC,-
PhoB,sbcD,-
CpxR,sbmA,+
CRP,sbmC,+
LexA,sbmC,-
Lrp,sdaA,-
ArcA,sdhA,+
ArcA,sdhA,-
CRP,sdhA,+
FNR,sdhA,-
Fur,sdhA,+
ArcA,sdhB,+
ArcA,sdhB,-
CRP,sdhB,+
FNR,sdhB,-
Fur,sdhB,+
ArcA,sdhC,+
ArcA,sdhC,-
CRP,sdhC,+
FNR,sdhC,-
Fur,sdhC,+
ArcA,sdhD,+
ArcA,sdhD,-
CRP,sdhD,+
FNR,sdhD,-
Fur,sdhD,+
CRP,secB,+
HU,seqA,-
CRP,serA,+
Lrp,serA,-
Lrp,serA,+
Nac,serA,-
CRP,serC,-
Lrp,serC,+
Fis,serT,+
Fis,serX,+
Cra,setA,-
SgrR,setA,+
CRP,sfsA,+
RcsB-BglJ,sfsB,+
CRP,sgbE,+
IHF,sgbE,+
YiaJ,sgbE,-
CRP,sgbH,+
IHF,sgbH,+
YiaJ,sgbH,-
CRP,sgbU,+
IHF,sgbU,+
YiaJ,sgbU,-
Cra,sgrS,-
SgrR,sgrS,+
Cra,sgrT,-
SgrR,sgrT,+
CpxR,skp,+
GadE,skp,+
GadE-RcsB,slp,+
GadW,slp,-
GadX,slp,+
H-NS,slp,-
MarA,slp,-
YdeO,slp,+
CpxR,slt,+
PhoP,slyB,+
PhoP,slyB,-
H-NS,smtA,+
ArcA,sodA,-
CRP,sodA,+
FNR,sodA,-
Fur,sodA,-
IHF,sodA,-
MarA,sodA,+
Rob,sodA,+
SoxS,sodA,+
CRP,sodB,-
IHF,sodB,-
NsrR,sodB,-
CRP,sohB,-
AcrR,SoxR,-
FNR,SoxR,-
Fur,SoxR,-
AcrR,SoxS,-
FNR,SoxS,-
Fur,SoxS,-
SoxR,SoxS,+
PurR,speA,-
PurR,speB,-
CRP,speC,-
CRP,spf,-
BaeR,spy,+
CpxR,spy,+
Fis,sra,+
IHF,sra,+
OmpR,sra,-
RcsB,sra,+
CRP,srlA,+
GutM,srlA,+
GutR,srlA,-
H-NS,srlA,+
CRP,srlB,+
GutM,srlB,+
GutR,srlB,-
H-NS,srlB,+
CRP,srlD,+
GutM,srlD,+
GutR,srlD,-
H-NS,srlD,+
CRP,srlE,+
GutM,srlE,+
GutR,srlE,-
H-NS,srlE,+
CRP,srlR,+
GutM,srlR,+
GutR,srlR,-
H-NS,srlR,+
SgrR,sroA,-
FlhDC,sroC,+
ArcA,sroD,-
CRP,sroD,+
FadR,sroD,-
ArcA,ssb,-
LexA,ssb,-
Fis,ssrS,+
Fis,ssrS,-
H-NS,ssrS,-
Lrp,ssrS,-
StpA,ssrS,-
Cbl,ssuA,+
CysB,ssuA,-
FNR,ssuA,+
IHF,ssuA,+
IHF,ssuA,-
Cbl,ssuB,+
CysB,ssuB,-
FNR,ssuB,+
IHF,ssuB,+
IHF,ssuB,-
Cbl,ssuC,+
CysB,ssuC,-
FNR,ssuC,+
IHF,ssuC,-
IHF,ssuC,+
Cbl,ssuD,+
CysB,ssuD,-
FNR,ssuD,+
IHF,ssuD,-
IHF,ssuD,+
Cbl,ssuE,+
CysB,ssuE,-
FNR,ssuE,+
IHF,ssuE,-
IHF,ssuE,+
H-NS,StpA,-
Lrp,StpA,+
ArcA,sucA,+
ArcA,sucA,-
CRP,sucA,+
FNR,sucA,-
Fur,sucA,+
IHF,sucA,-
ArcA,sucB,+
ArcA,sucB,-
CRP,sucB,+
FNR,sucB,-
Fur,sucB,+
IHF,sucB,-
ArcA,sucC,+
ArcA,sucC,-
CRP,sucC,+
FNR,sucC,-
Fur,sucC,+
IHF,sucC,-
ArcA,sucD,+
ArcA,sucD,-
CRP,sucD,+
FNR,sucD,-
Fur,sucD,+
IHF,sucD,-
Fur,sufA,-
IHF,sufA,+
IscR,sufA,+
NsrR,sufA,-
OxyR,sufA,+
Fur,sufB,-
IHF,sufB,+
IscR,sufB,+
NsrR,sufB,-
OxyR,sufB,+
Fur,sufC,-
IHF,sufC,+
IscR,sufC,+
NsrR,sufC,-
OxyR,sufC,+
Fur,sufD,-
IHF,sufD,+
IscR,sufD,+
NsrR,sufD,-
OxyR,sufD,+
Fur,sufE,-
IHF,sufE,+
IscR,sufE,+
NsrR,sufE,-
OxyR,sufE,+
Fur,sufS,-
IHF,sufS,+
IscR,sufS,+
NsrR,sufS,-
OxyR,sufS,+
LexA,sulA,-
RcdA,sulA,-
CRP,sxy,+
LexA,symE,-
NsrR,tadA,-
CreB,talA,+
CRP,tam,+
LsrR,tam,-
FliA,tap,+
FNR,tap,+
FliA,tar,+
FNR,tar,+
Cbl,tauA,+
CysB,tauA,+
Cbl,tauB,+
CysB,tauB,+
Cbl,tauC,+
CysB,tauC,+
Cbl,tauD,+
CysB,tauD,+
SgrR,tbpA,-
CsgD,tcyJ,-
FlhDC,tcyJ,+
FliA,tcyJ,+
H-NS,tcyJ,+
MatA,tcyJ,-
NsrR,tcyJ,-
SutR,tcyJ,-
CRP,TdcA,+
FNR,TdcA,+
IHF,TdcA,+
TdcR,TdcA,+
CRP,tdcB,+
FNR,tdcB,+
IHF,tdcB,+
TdcA,tdcB,+
TdcR,tdcB,+
CRP,tdcC,+
FNR,tdcC,+
IHF,tdcC,+
TdcA,tdcC,+
TdcR,tdcC,+
CRP,tdcD,+
FNR,tdcD,+
IHF,tdcD,+
TdcA,tdcD,+
TdcR,tdcD,+
CRP,tdcE,+
FNR,tdcE,+
IHF,tdcE,+
TdcA,tdcE,+
TdcR,tdcE,+
CRP,tdcF,+
FNR,tdcF,+
IHF,tdcF,+
TdcA,tdcF,+
TdcR,tdcF,+
CRP,tdcG,+
FNR,tdcG,+
IHF,tdcG,+
TdcA,tdcG,+
TdcR,tdcG,+
Lrp,tdh,+
NsrR,tehA,-
NsrR,tehB,-
Fur,tfaQ,-
SgrR,thiP,-
SgrR,thiQ,-
NsrR,thrS,-
Fis,thrT,+
Fis,thrU,+
Fis,thrV,+
H-NS,thrV,-
Lrp,thrV,-
Fis,thrW,+
LexA,tisB,-
PhoB,tktB,+
CRP,tnaA,+
TorR,tnaA,+
CRP,tnaB,+
TorR,tnaB,+
CRP,tnaC,+
TorR,tnaC,+
MarA,tolC,+
PhoP,tolC,+
Rob,tolC,+
SoxS,tolC,+
BasR,tomB,+
CpxR,tomB,+
PdhR,tomB,-
Fur,tonB,+
Fur,tonB,-
Fis,topA,+
Fis,topA,-
NarL,torA,-
TorR,torA,+
NarL,torC,-
TorR,torC,+
NarL,torD,-
TorR,torD,+
Cra,tpiA,-
Fis,tpr,+
ArcA,tpx,-
FNR,tpx,-
ArcA,treB,+
CRP,treB,-
TreR,treB,-
ArcA,treC,+
CRP,treC,-
TreR,treC,-
PhoP,TreR,-
CRP,trg,+
Fis,trg,+
FliA,trg,+
Fis,trmA,+
FNR,trmD,-
TrpR,trpA,-
TrpR,trpB,-
TrpR,trpC,-
TrpR,trpD,-
TrpR,trpE,-
TrpR,trpL,-
ArgR,truB,-
CRP,truB,-
Fis,truB,+
CRP,trxA,-
OxyR,trxC,+
NsrR,tsgA,-
CpxR,tsr,-
FliA,tsr,+
CytR,tsx,-
DeoR,tsx,-
Dan,ttdA,+
Dan,ttdB,+
Dan,ttdR,+
Dan,ttdT,+
Fis,tufB,+
FeaR,tynA,+
TyrR,tyrA,-
TyrR,tyrB,-
HU,tyrP,-
IHF,tyrP,-
TyrR,tyrP,+
TyrR,tyrP,-
Fis,tyrT,+
Fis,tyrU,+
Fis,tyrV,+
ArcA,ubiA,-
FNR,ubiA,-
IHF,ubiA,-
NarL,ubiA,-
ArcA,ubiC,-
FNR,ubiC,-
IHF,ubiC,-
NarL,ubiC,-
CRP,ubiG,+
PurR,ubiX,-
CRP,udp,+
CytR,udp,-
CRP,ugpA,+
PhoB,ugpA,+
PhoB,ugpA,-
CRP,ugpB,+
PhoB,ugpB,-
PhoB,ugpB,+
CRP,ugpC,+
PhoB,ugpC,+
PhoB,ugpC,-
CRP,ugpE,+
PhoB,ugpE,+
PhoB,ugpE,-
CRP,ugpQ,+
PhoB,ugpQ,+
PhoB,ugpQ,-
CRP,uhpT,+
UhpA,uhpT,+
UvrY,uhpT,+
CRP,uidA,+
UidR,uidA,-
UxuR,uidA,-
CRP,uidB,+
UidR,uidB,-
UxuR,uidB,-
CRP,uidC,+
UidR,uidC,-
UxuR,uidC,-
CRP,ulaA,+
IHF,ulaA,-
UlaR,ulaA,-
CRP,ulaB,+
IHF,ulaB,-
UlaR,ulaB,-
CRP,ulaC,+
IHF,ulaC,-
UlaR,ulaC,-
CRP,ulaD,+
IHF,ulaD,-
UlaR,ulaD,-
CRP,ulaE,+
IHF,ulaE,-
UlaR,ulaE,-
CRP,ulaF,+
IHF,ulaF,-
UlaR,ulaF,-
IHF,ulaG,-
UlaR,ulaG,-
NagC,umpH,-
LexA,umuC,-
LexA,umuD,-
CpxR,ung,-
OxyR,uof,+
SoxS,uof,+
FNR,upp,+
FNR,uraA,+
FadR,uspA,-
IHF,uspA,+
IHF,uspB,-
YdeO,uspD,+
GadX,uspE,+
ArcA,uvrA,-
LexA,uvrA,-
LexA,uvrB,-
LexA,uvrC,-
LexA,uvrD,-
LexA,UvrY,-
CRP,uxaA,+
ExuR,uxaA,-
FNR,uxaA,+
CRP,uxaB,+
ExuR,uxaB,-
CRP,uxaC,+
ExuR,uxaC,-
FNR,uxaC,+
CRP,uxuA,+
ExuR,uxuA,-
OxyR,uxuA,-
UxuR,uxuA,-
CRP,uxuB,+
ExuR,uxuB,-
OxyR,uxuB,-
UxuR,uxuB,-
CRP,UxuR,+
ExuR,UxuR,-
Fis,valT,+
Fis,valU,+
Fis,valX,+
Fis,valY,+
FliA,ves,+
NsrR,waaH,-
PhoB,waaH,+
MarA,waaY,+
SoxS,waaY,+
MarA,waaZ,+
SoxS,waaZ,+
RcsAB,wcaA,+
RcsAB,wcaB,+
NsrR,wecB,-
NsrR,wecC,-
CsgD,wrbA,+
RcsAB,wza,+
RcsAB,wzb,+
RcsAB,wzc,+
NsrR,wzxE,-
NsrR,wzyE,-
NsrR,wzzE,-
XapR,xapA,+
XapR,xapB,+
FNR,xdhA,+
FNR,xdhB,+
FNR,xdhC,+
CRP,xseA,-
AraC,xylA,-
CRP,xylA,+
XylR,xylA,+
AraC,xylB,-
CRP,xylB,+
XylR,xylB,+
CRP,xylF,+
Fis,xylF,-
XylR,xylF,+
CRP,xylG,+
Fis,xylG,-
XylR,xylG,+
CRP,xylH,+
Fis,xylH,-
XylR,xylH,+
ArcA,XylR,+
CRP,XylR,+
Fis,XylR,-
IHF,yadV,+
CRP,yaeP,-
CRP,yaeQ,-
LexA,yafN,-
LexA,yafO,-
LexA,yafP,-
DinJ-YafQ,yafQ,-
LexA,yafQ,-
FliA,yafW,+
FliA,yafX,+
RcdA,yagK,-
TrpR,yaiA,-
TyrR,yaiA,-
CpxR,yaiW,+
MarA,ybaO,+
GadX,ybaS,+
GadX,ybaT,+
AllR,ybbW,-
AllR,ybbY,-
ArcA,ybdN,+
CysB,ybdN,+
FNR,ybdN,+
FNR,ybdZ,+
Fur,ybdZ,-
H-NS,ybdZ,+
LexA,ybfE,-
CRP,ybfN,+
NagC,ybfN,-
YjjQ,ybhL,-
AscG,ybiT,-
CRP,ybiT,+
MarA,ybjC,+
OxyR,ybjC,-
Rob,ybjC,+
SoxS,ybjC,+
PhoP,ybjG,+
MarA,ybjN,+
OxyR,ybjN,-
Rob,ybjN,+
SoxS,ybjN,+
CpxR,yccA,+
CsgD,yccJ,+
CsgD,yccT,+
CRP,ycdZ,+
CytR,ycdZ,-
FlhDC,ycgR,+
FliA,ycgR,+
BluR,ycgZ,-
OxyR,ychF,-
CRP,ychH,+
FNR,ychO,-
H-NS,yciE,-
McbR,yciE,+
H-NS,yciF,-
McbR,yciF,+
H-NS,yciG,-
McbR,yciG,+
CysB,yciW,+
YjjQ,yciX,-
PgrR,ycjY,-
NsrR,ydbD,-
SoxS,ydbK,+
Nac,ydcS,+
Nac,ydcT,+
Nac,ydcU,+
Nac,ydcV,+
ArcA,ydeA,-
RcdA,ydeI,+
FNR,ydeJ,+
AraC,ydeM,-
NagC,ydeM,-
AraC,ydeN,-
NagC,ydeN,-
EvgA,YdeO,+
H-NS,YdeO,-
PhoP,YdeO,-
RcsB,YdeO,+
EvgA,ydeP,+
H-NS,ydeP,-
NagC,ydeP,-
NarL,ydeP,+
NarP,ydeP,-
PhoP,ydeP,-
RcsB,ydeP,+
UvrY,ydeP,+
DicA,ydfD,-
DicA,ydfE,-
PhoB,ydfH,+
Fur,ydfN,-
DicA,ydfW,-
DicA,ydfX,-
FNR,ydhT,+
NarL,ydhT,-
NarP,ydhT,-
FNR,ydhU,+
NarL,ydhU,-
NarP,ydhU,-
FNR,ydhV,+
NarL,ydhV,-
NarP,ydhV,-
FNR,ydhW,+
NarL,ydhW,-
NarP,ydhW,-
FNR,ydhX,+
NarL,ydhX,-
NarP,ydhX,-
FNR,ydhY,+
NarL,ydhY,-
NarP,ydhY,-
IscR,ydiU,+
SdiA,ydiV,+
LexA,ydjM,-
Cra,yeaD,-
NsrR,yeaE,-
NtrC,yeaG,+
NtrC,yeaH,+
Fis,yeaR,-
NarL,yeaR,+
NarP,yeaR,+
NsrR,yeaR,-
CpxR,yebE,+
LexA,yebG,-
FliA,yecF,+
FlhDC,yecR,+
FNR,yecR,+
RcsB-BglJ,yecT,+
CusR,yedX,+
PhoB,yedX,+
YedW,yedX,+
YefM-YoeB,YefM,-
PhoB,yegH,+
EvgA,yegR,+
EvgA,yegZ,+
MetJ,yeiB,-
FNR,YeiL,-
IHF,YeiL,+
Lrp,YeiL,+
CRP,yeiP,+
CRP,yeiW,+
ArgP,yfaE,+
CRP,yfaE,+
DnaA,yfaE,+
DnaA,yfaE,-
Fis,yfaE,+
H-NS,yfaE,-
NrdR,yfaE,-
CysB,yfbR,+
EvgA,yfdE,+
EvgA,yfdV,+
EvgA,yfdX,+
YjjQ,yfiB,-
YjjQ,yfiR,-
Fur,ygaC,-
CpxR,ygaU,+
FNR,ygbA,-
NsrR,ygbA,-
FlhDC,ygbK,+
FliA,ygbK,+
FlhDC,ygdB,+
FliA,ygdB,+
AraC,ygeA,+
CRP,ygeA,+
CysB,ygeH,+
MarA,ygiA,+
PhoP,ygiA,+
Rob,ygiA,+
SoxS,ygiA,+
MarA,ygiB,+
PhoP,ygiB,+
Rob,ygiB,+
SoxS,ygiB,+
MarA,ygiC,+
PhoP,ygiC,+
Rob,ygiC,+
SoxS,ygiC,+
RcsB-BglJ,ygiZ,+
CsgD,yhbS,-
CsgD,yhbT,-
CRP,yhcH,+
Fis,yhcH,-
NanR,yhcH,-
NtrC,yhdW,+
NtrC,yhdX,+
NtrC,yhdY,+
NtrC,yhdZ,+
CRP,yhfA,+
CRP,yhfA,-
Fur,yhhY,-
FliZ,yhiD,-
GadE,yhiD,+
H-NS,yhiD,-
Lrp,yhiD,-
MarA,yhiD,-
PhoP,yhiD,+
RcsB,yhiD,+
TorR,yhiD,+
FliA,yhiL,+
GadE-RcsB,yhiM,+
H-NS,yhiM,-
FNR,yhjA,+
OxyR,yhjA,+
PhoB,yhjC,+
YpdB,yhjX,+
CRP,YiaJ,-
IHF,YiaJ,-
CRP,yiaK,+
IHF,yiaK,+
YiaJ,yiaK,-
CRP,yiaL,+
IHF,yiaL,+
YiaJ,yiaL,-
CRP,yiaM,+
IHF,yiaM,+
YiaJ,yiaM,-
CRP,yiaN,+
IHF,yiaN,+
YiaJ,yiaN,-
CRP,yiaO,+
IHF,yiaO,+
YiaJ,yiaO,-
Cra,yibQ,-
RcsB-BglJ,yidL,+
CpxR,yidQ,+
YdeO,yiiS,+
IHF,yjbE,+
RcsAB,yjbE,+
IHF,yjbF,+
RcsAB,yjbF,+
IHF,yjbG,+
RcsAB,yjbG,+
IHF,yjbH,+
RcsAB,yjbH,+
CRP,yjcH,+
Fis,yjcH,-
IHF,yjcH,-
FliA,yjcS,+
FliA,yjcZ,+
DnaA,yjeV,-
NanR,yjhB,-
NanR,yjhC,-
CRP,yjiY,+
YehT,yjiY,+
H-NS,yjjP,-
H-NS,YjjQ,-
LeuO,YjjQ,+
Fur,yjjZ,-
FliA,ykfB,+
FliA,ykfF,+
FliA,ykfG,+
FliA,ykfH,+
FliA,ykfI,+
Zur,ykgM,-
Zur,ykgO,-
CRP,ykgR,+
RcsB-BglJ,ykiA,+
BluR,ymgA,-
BluR,ymgC,-
YjjQ,ymiA,-
PgrR,ymjC,-
PgrR,ymjD,-
RcsB-BglJ,ynbA,+
RcsB-BglJ,ynbB,+
RcsB-BglJ,ynbC,+
RcsB-BglJ,ynbD,+
MarA,yncE,+
PhoP,yneM,+
FNR,ynfE,+
NarL,ynfE,-
FNR,ynfF,+
NarL,ynfF,-
FNR,ynfG,+
NarL,ynfG,-
FNR,ynfH,+
NarL,ynfH,-
CRP,ynfK,+
Mlc,ynfK,-
FliA,ynjH,+
RcsB-BglJ,ynjI,+
CysB,yoaC,+
Fis,yoaG,-
NarL,yoaG,+
NarP,yoaG,+
NsrR,yoaG,-
YefM,yoeB,-
YefM-YoeB,yoeB,-
Lrp,yojI,+
CpxR,yqaE,+
YqhC,yqhD,+
RcsB-BglJ,yqhG,+
CpxR,yqjA,+
Fur,yqjH,-
YqjI,yqjH,-
FNR,YqjI,+
BasR,yrbL,-
PhoP,yrbL,+
FNR,ysgA,-
FNR,ytfE,-
NarL,ytfE,+
NarP,ytfE,+
NsrR,ytfE,-
Fur,zinT,+
SoxS,zinT,+
Zur,zinT,-
ZntR,zntA,+
Zur,znuA,-
Zur,znuB,-
Zur,znuC,-
ZraR,zraP,+
CRP,ZraR,+
CRP,zraS,+
ZraR,zraS,+
Cra,zwf,-
FNR,zwf,-
Fur,zwf,-
MarA,zwf,+
Rob,zwf,+
SoxS,zwf,+
